run_id,stop_id,vehicle_id,lat,lng,demand,priority,window_start,window_end,arrived_min,departed_min,walk_m,blocked_flag,dow,hod
run_000,S000,T1,42.384836,-71.066913,156,1,15:20:00,18:02:00,121,127,12.3,False,1,10
run_000,S001,T2,42.410526,-71.083474,70,1,,,160,167,3.6,False,0,17
run_000,S002,T3,42.229373,-71.012482,98,2,17:27:00,19:41:00,189,195,4.8,True,1,16
run_000,S003,T1,42.321601,-71.061223,100,3,14:20:00,17:32:00,166,172,0.1,False,5,16
run_000,S004,T2,42.364756,-71.026767,58,2,17:52:00,21:01:00,339,346,9.4,False,6,8
run_000,S005,T3,42.304945,-71.078409,130,1,,,419,425,2.0,False,1,11
run_000,S006,T1,42.337663,-70.983788,103,2,17:03:00,19:56:00,476,483,0.9,False,2,13
run_000,S007,T2,42.368568,-71.110454,131,3,12:23:00,16:56:00,216,218,3.3,True,3,16
run_000,S008,T3,42.303472,-71.053279,64,1,,,300,304,0.1,False,4,12
run_000,S009,T1,42.390584,-71.030894,82,3,,,378,385,0.8,False,1,9
run_001,S010,T2,42.318039,-71.075461,184,1,,,200,202,0.7,False,0,11
run_001,S011,T3,42.414982,-71.115317,148,1,15:21:00,17:55:00,448,451,4.8,False,6,13
run_001,S012,T1,42.313312,-71.02079,191,1,14:26:00,18:42:00,206,211,1.1,False,2,18
run_001,S013,T2,42.356957,-71.055648,101,1,,,95,100,11.9,False,5,11
run_001,S014,T3,42.374883,-71.111406,192,1,11:12:00,15:51:00,326,330,26.5,False,5,16
run_001,S015,T1,42.334912,-71.034928,183,1,,,283,291,16.3,False,6,8
run_001,S016,T2,42.428593,-71.051222,141,1,,,472,476,2.6,False,3,12
run_001,S017,T3,42.343617,-70.996313,52,1,14:05:00,18:39:00,136,141,6.6,False,5,13
run_001,S018,T1,42.305187,-71.014256,108,1,,,373,379,5.2,False,5,15
run_001,S019,T2,42.287074,-71.060774,61,1,14:01:00,18:11:00,112,117,1.6,False,4,16
run_002,S020,T3,42.356781,-71.042755,136,2,,,223,228,1.6,False,4,14
run_002,S021,T1,42.375077,-71.043009,117,2,14:10:00,18:12:00,400,405,13.0,False,4,15
run_002,S022,T2,42.43014,-71.130093,188,1,,,239,244,7.1,False,1,18
run_002,S023,T3,42.378911,-71.020516,196,1,,,345,351,7.2,False,0,14
run_002,S024,T1,42.392454,-71.121144,101,2,16:32:00,20:19:00,127,135,11.3,False,2,16
run_002,S025,T2,42.363282,-71.101879,91,1,,,98,105,2.6,False,4,12
run_002,S026,T3,42.274474,-71.054051,178,2,12:36:00,16:15:00,8,15,18.8,False,3,8
run_002,S027,T1,42.306758,-71.074274,165,2,,,74,82,27.4,False,4,9
run_002,S028,T2,42.392652,-71.004866,161,2,,,472,478,11.8,False,1,10
run_002,S029,T3,42.299157,-71.119565,117,2,,,288,295,6.8,False,6,16
run_003,S030,T1,42.336874,-71.115625,185,1,14:02:00,18:26:00,127,131,4.6,False,0,13
run_003,S031,T2,42.367293,-71.104476,87,2,13:44:00,15:34:00,437,441,23.7,False,4,9
run_003,S032,T3,42.263181,-71.102368,146,1,,,283,290,2.6,False,6,16
run_003,S033,T1,42.379717,-70.920803,98,1,08:43:00,12:20:00,476,481,3.3,False,4,10
run_003,S034,T2,42.376361,-71.034671,86,2,15:28:00,17:13:00,180,186,0.8,False,1,16
run_003,S035,T3,42.362531,-71.107476,116,1,,,127,131,4.7,False,5,18
run_003,S036,T1,42.414816,-71.076771,116,2,15:45:00,17:08:00,113,119,21.0,False,0,11
run_003,S037,T2,42.302851,-71.016378,92,1,13:47:00,15:25:00,476,484,3.5,True,4,11
run_003,S038,T3,42.282428,-71.085525,62,3,17:06:00,19:02:00,35,42,12.1,True,5,8
run_003,S039,T1,42.416778,-71.048385,192,1,09:01:00,11:32:00,214,220,11.1,True,2,9
run_004,S040,T2,42.314329,-71.082752,174,3,13:57:00,15:54:00,341,347,4.0,False,1,16
run_004,S041,T3,42.265984,-71.087064,157,1,,,4,11,6.1,False,4,15
run_004,S042,T1,42.34043,-71.038099,143,1,,,46,50,1.4,False,1,9
run_004,S043,T2,42.381116,-71.06536,68,1,,,91,96,13.6,False,3,15
run_004,S044,T3,42.323365,-71.088914,111,1,,,278,287,0.6,False,0,8
run_004,S045,T1,42.326129,-71.065774,145,2,,,125,132,1.0,False,0,11
run_004,S046,T2,42.373553,-70.94776,118,1,13:28:00,16:43:00,153,161,0.1,False,3,10
run_004,S047,T3,42.324617,-71.07187,134,2,14:35:00,16:07:00,253,262,5.7,False,0,15
run_004,S048,T1,42.441621,-71.131507,118,3,11:33:00,15:32:00,222,234,11.5,False,4,8
run_004,S049,T2,42.364208,-71.031612,51,1,,,475,481,8.8,False,1,14
run_005,S050,T3,42.365676,-71.026893,173,2,08:32:00,12:30:00,426,431,32.5,False,0,10
run_005,S051,T1,42.389416,-71.084322,57,2,17:09:00,20:38:00,417,423,3.0,False,6,15
run_005,S052,T2,42.457564,-71.062004,163,2,15:35:00,17:55:00,248,249,8.4,False,6,16
run_005,S053,T3,42.429478,-70.979459,85,2,09:48:00,12:23:00,151,158,20.2,False,0,17
run_005,S054,T1,42.283297,-71.041847,62,3,14:24:00,17:02:00,360,367,6.9,False,0,17
run_005,S055,T2,42.247292,-71.13725,68,2,08:35:00,12:54:00,444,448,23.6,False,1,8
run_005,S056,T3,42.346448,-71.090655,177,3,11:18:00,14:08:00,143,145,4.0,False,4,9
run_005,S057,T1,42.337661,-71.002094,193,1,16:38:00,19:26:00,180,187,6.8,False,4,11
run_005,S058,T2,42.36379,-71.093858,182,3,10:22:00,13:36:00,145,151,18.2,False,3,18
run_005,S059,T3,42.364137,-71.131973,186,3,09:26:00,13:27:00,193,198,0.8,False,2,11
run_006,S060,T1,42.287596,-71.130373,194,2,14:24:00,16:08:00,131,139,6.6,False,5,18
run_006,S061,T2,42.31228,-70.986087,139,2,10:38:00,14:43:00,450,454,2.9,False,0,8
run_006,S062,T3,42.432187,-71.155745,197,2,,,475,482,13.6,False,0,9
run_006,S063,T1,42.386801,-71.115211,162,3,16:55:00,20:35:00,421,428,5.7,False,2,9
run_006,S064,T2,42.265163,-71.030045,129,1,13:20:00,17:03:00,226,231,1.8,False,6,16
run_006,S065,T3,42.37086,-71.095091,50,2,,,372,376,11.9,False,5,16
run_006,S066,T1,42.431838,-71.095085,61,1,,,329,339,3.2,False,5,9
run_006,S067,T2,42.319585,-71.067886,109,1,09:27:00,12:07:00,40,43,3.0,False,5,16
run_006,S068,T3,42.335255,-71.062474,190,1,10:05:00,13:26:00,370,377,5.4,False,5,13
run_006,S069,T1,42.433833,-71.001028,60,1,,,340,345,13.8,False,4,15
run_007,S070,T2,42.417677,-71.078751,147,2,,,104,106,0.6,False,0,18
run_007,S071,T3,42.330031,-71.047031,144,2,,,132,138,56.9,True,2,10
run_007,S072,T1,42.435812,-71.044377,132,2,08:20:00,11:37:00,456,459,11.1,False,5,14
run_007,S073,T2,42.386775,-71.136706,121,3,14:25:00,18:06:00,437,445,14.8,True,5,10
run_007,S074,T3,42.418965,-71.056624,103,3,12:29:00,14:25:00,400,407,12.2,False,4,10
run_007,S075,T1,42.428432,-71.081683,87,2,09:33:00,12:54:00,285,290,8.1,False,6,8
run_007,S076,T2,42.37256,-71.08269,128,2,14:41:00,16:31:00,80,85,3.0,False,0,13
run_007,S077,T3,42.39982,-71.040797,102,3,,,449,454,4.0,False,4,10
run_007,S078,T1,42.294777,-71.026516,164,1,,,110,113,4.2,False,6,10
run_007,S079,T2,42.384384,-71.063134,142,2,09:57:00,11:47:00,402,409,17.2,False,2,14
run_008,S080,T3,42.295985,-71.12508,71,1,12:05:00,14:05:00,132,135,4.5,False,0,14
run_008,S081,T1,42.350423,-70.961764,122,1,,,281,287,16.1,False,6,15
run_008,S082,T2,42.325014,-71.049301,143,2,08:25:00,10:00:00,256,262,42.9,False,1,11
run_008,S083,T3,42.321238,-71.020015,63,1,,,473,479,14.3,False,2,9
run_008,S084,T1,42.449036,-71.047376,63,2,15:50:00,17:56:00,2,8,7.6,False,5,16
run_008,S085,T2,42.408431,-71.066396,164,2,,,14,18,1.1,False,2,10
run_008,S086,T3,42.321446,-71.031191,88,3,,,440,442,4.2,False,0,17
run_008,S087,T1,42.370334,-71.168834,158,2,09:46:00,12:36:00,469,474,8.8,False,3,17
run_008,S088,T2,42.337975,-70.980898,132,3,17:40:00,20:20:00,5,11,2.8,False,1,12
run_008,S089,T3,42.401987,-71.163956,170,1,,,288,293,0.1,True,6,16
run_009,S090,T1,42.329145,-71.122942,161,1,11:29:00,14:43:00,445,449,22.7,True,5,13
run_009,S091,T2,42.332742,-71.057574,89,3,12:35:00,16:06:00,222,226,22.7,False,5,12
run_009,S092,T3,42.399874,-71.05274,128,3,13:53:00,16:45:00,93,100,26.5,False,3,12
run_009,S093,T1,42.311122,-70.957834,93,3,12:05:00,16:38:00,117,126,12.4,False,3,18
run_009,S094,T2,42.392029,-71.100739,189,1,,,46,53,0.9,False,4,8
run_009,S095,T3,42.39821,-71.021787,126,2,10:32:00,14:45:00,177,183,6.1,False,4,17
run_009,S096,T1,42.45985,-70.9608,179,2,15:01:00,18:24:00,320,325,9.3,False,1,16
run_009,S097,T2,42.308809,-71.07066,118,2,,,317,323,13.7,False,5,10
run_009,S098,T3,42.394198,-71.067226,186,1,09:11:00,11:45:00,0,6,18.4,False,4,13
run_009,S099,T1,42.439007,-71.04312,63,1,,,315,320,1.8,False,5,12
run_010,S000,T2,42.379723,-71.081049,172,1,,,77,78,21.0,False,0,11
run_010,S001,T3,42.378039,-70.999939,88,2,,,103,108,4.7,False,3,14
run_010,S002,T1,42.26646,-71.077576,72,3,08:24:00,12:48:00,224,231,0.7,False,3,14
run_010,S003,T2,42.24302,-71.047899,183,1,10:06:00,14:04:00,455,457,11.8,False,6,9
run_010,S004,T3,42.445291,-71.061617,87,2,16:32:00,20:06:00,438,443,12.5,False,5,16
run_010,S005,T1,42.338734,-70.977895,167,2,13:12:00,17:50:00,302,307,18.7,False,6,9
run_010,S006,T2,42.346506,-71.108938,185,2,12:28:00,14:14:00,323,330,10.2,False,4,16
run_010,S007,T3,42.408678,-71.039328,92,3,12:19:00,14:29:00,253,262,23.9,False,3,17
run_010,S008,T1,42.271064,-70.985198,96,3,17:45:00,20:31:00,395,400,12.9,False,3,10
run_010,S009,T2,42.338007,-71.103776,117,2,12:55:00,14:31:00,327,333,10.5,False,6,18
run_011,S010,T3,42.329868,-70.994908,186,2,,,50,56,26.0,False,5,11
run_011,S011,T1,42.365005,-71.10948,198,2,17:45:00,21:28:00,181,186,18.2,False,1,12
run_011,S012,T2,42.298253,-71.114968,164,2,15:14:00,19:42:00,430,435,16.2,False,1,10
run_011,S013,T3,42.338656,-71.017388,124,1,13:01:00,17:15:00,209,210,6.6,False,1,9
run_011,S014,T1,42.368068,-71.021226,157,2,10:53:00,14:24:00,24,25,24.6,False,3,8
run_011,S015,T2,42.357285,-71.005977,199,1,,,153,155,0.1,False,6,17
run_011,S016,T3,42.30914,-71.034167,133,1,,,360,365,0.9,False,3,15
run_011,S017,T1,42.304674,-71.059965,50,1,,,223,229,0.7,False,3,14
run_011,S018,T2,42.320873,-71.026286,111,3,,,31,41,4.7,False,4,11
run_011,S019,T3,42.331321,-71.044845,50,2,10:46:00,13:38:00,113,121,6.9,False,0,14
run_012,S020,T1,42.342173,-71.048085,57,2,,,412,418,3.2,False,5,10
run_012,S021,T2,42.350803,-71.056818,136,2,,,54,61,1.7,False,4,8
run_012,S022,T3,42.406784,-70.996422,114,2,16:54:00,19:00:00,471,477,9.0,False,0,18
run_012,S023,T1,42.289457,-71.019372,100,2,08:27:00,10:34:00,417,419,16.4,False,0,12
run_012,S024,T2,42.36065,-71.056922,95,2,11:51:00,15:35:00,181,185,22.7,False,2,14
run_012,S025,T3,42.313132,-71.043693,131,2,,,1,4,24.1,False,2,9
run_012,S026,T1,42.285067,-71.003042,179,2,10:22:00,13:20:00,395,400,14.9,False,2,11
run_012,S027,T2,42.410784,-71.012514,148,1,,,341,346,15.1,False,6,8
run_012,S028,T3,42.368321,-71.108799,108,1,14:31:00,17:24:00,114,123,12.0,True,1,11
run_012,S029,T1,42.364385,-71.127917,71,1,11:25:00,13:53:00,108,113,11.8,False,1,15
run_013,S030,T2,42.407509,-71.033021,177,2,,,340,345,0.7,False,4,9
run_013,S031,T3,42.427958,-71.063449,125,1,,,86,87,1.1,False,0,12
run_013,S032,T1,42.338789,-71.09231,80,3,,,133,137,10.0,False,3,11
run_013,S033,T2,42.402222,-70.921962,194,1,17:20:00,21:21:00,45,50,0.5,False,1,9
run_013,S034,T3,42.385883,-71.096287,100,2,,,180,183,4.9,False,0,17
run_013,S035,T1,42.389051,-71.106162,162,1,14:39:00,16:32:00,97,100,5.1,False,2,9
run_013,S036,T2,42.272261,-71.066195,197,3,,,466,470,6.9,True,3,15
run_013,S037,T3,42.3661,-71.144478,122,1,16:39:00,18:55:00,128,135,6.8,False,6,15
run_013,S038,T1,42.328652,-70.969378,88,1,10:02:00,13:49:00,171,176,16.5,False,5,12
run_013,S039,T2,42.327055,-71.049125,61,3,,,317,326,31.7,False,3,15
run_014,S040,T3,42.394581,-70.995693,130,2,,,214,221,39.4,False,2,11
run_014,S041,T1,42.428399,-71.046647,108,1,17:40:00,20:28:00,25,32,0.4,False,6,15
run_014,S042,T2,42.381481,-71.049616,75,3,,,468,470,1.3,False,0,15
run_014,S043,T3,42.346025,-71.100963,121,2,09:58:00,12:19:00,222,229,19.8,False,6,12
run_014,S044,T1,42.336727,-71.015674,152,2,08:13:00,12:51:00,151,156,0.8,False,2,16
run_014,S045,T2,42.344541,-71.112124,157,1,14:14:00,17:13:00,3,11,15.6,False,1,14
run_014,S046,T3,42.411592,-71.134278,65,2,17:43:00,21:48:00,449,456,16.0,False,3,18
run_014,S047,T1,42.362351,-71.085864,65,2,15:43:00,19:43:00,265,273,1.0,True,2,11
run_014,S048,T2,42.374349,-71.164261,114,2,,,477,482,3.5,False,4,13
run_014,S049,T3,42.353266,-71.037272,86,2,16:47:00,19:59:00,398,405,4.9,False,5,16
run_015,S050,T1,42.306471,-71.025869,86,2,12:42:00,16:45:00,197,204,45.3,False,2,12
run_015,S051,T2,42.370381,-71.064855,121,1,11:28:00,14:30:00,309,315,9.4,False,0,16
run_015,S052,T3,42.281502,-71.056302,106,1,17:40:00,19:42:00,375,380,34.8,False,2,17
run_015,S053,T1,42.351594,-70.988975,111,3,08:23:00,10:25:00,159,163,6.2,False,6,11
run_015,S054,T2,42.428914,-71.025821,138,2,16:03:00,20:24:00,356,360,22.0,False,0,16
run_015,S055,T3,42.340615,-71.032825,54,1,09:23:00,13:26:00,462,470,0.1,False,4,12
run_015,S056,T1,42.348227,-71.054894,195,1,,,453,460,8.5,False,0,8
run_015,S057,T2,42.361795,-71.032767,82,3,13:23:00,17:49:00,335,345,10.7,False,2,10
run_015,S058,T3,42.401024,-71.034636,138,1,12:41:00,15:20:00,190,194,21.3,False,0,9
run_015,S059,T1,42.389718,-71.062081,80,2,14:41:00,18:58:00,159,166,4.1,False,5,8
run_016,S060,T2,42.325523,-71.035252,149,1,09:13:00,12:29:00,476,480,0.9,False,2,9
run_016,S061,T3,42.329249,-71.027373,153,1,09:59:00,12:26:00,364,366,15.1,False,4,17
run_016,S062,T1,42.373329,-71.080069,123,3,16:31:00,19:33:00,411,418,1.1,False,3,15
run_016,S063,T2,42.36933,-71.051223,117,2,,,218,224,1.8,False,2,17
run_016,S064,T3,42.397595,-71.011155,167,3,08:21:00,11:20:00,209,215,0.2,False,0,11
run_016,S065,T1,42.33371,-70.981724,107,1,14:25:00,18:18:00,225,230,58.5,True,1,10
run_016,S066,T2,42.287599,-71.16994,88,3,14:28:00,18:04:00,74,82,3.2,True,3,17
run_016,S067,T3,42.425527,-71.02749,150,2,11:05:00,15:31:00,440,445,5.8,False,5,12
run_016,S068,T1,42.304171,-71.118567,64,2,09:34:00,12:37:00,280,287,6.4,False,2,18
run_016,S069,T2,42.446042,-71.120788,194,3,,,92,98,15.0,False,3,9
run_017,S070,T3,42.388488,-71.037615,180,3,12:23:00,14:22:00,377,385,6.6,False,2,10
run_017,S071,T1,42.38457,-71.09382,112,1,13:53:00,16:49:00,385,394,16.0,False,4,17
run_017,S072,T2,42.337691,-71.154477,121,2,12:17:00,15:20:00,337,347,3.4,False,2,14
run_017,S073,T3,42.335207,-71.02071,151,2,16:07:00,18:17:00,213,219,13.8,False,0,17
run_017,S074,T1,42.343832,-71.05762,103,1,,,85,89,15.0,False,4,12
run_017,S075,T2,42.302675,-71.008843,126,1,11:25:00,15:54:00,102,108,1.4,False,6,17
run_017,S076,T3,42.449884,-71.027958,192,3,,,105,113,0.3,False,5,12
run_017,S077,T1,42.406232,-70.969401,57,3,15:49:00,18:20:00,317,323,15.3,False,3,16
run_017,S078,T2,42.343229,-70.93933,133,2,,,207,215,6.0,False,4,14
run_017,S079,T3,42.36988,-71.039933,155,2,,,13,23,0.9,False,3,13
run_018,S080,T1,42.308421,-71.086465,168,2,,,308,313,8.1,False,2,14
run_018,S081,T2,42.467114,-71.106661,145,2,15:40:00,17:38:00,130,137,0.9,False,6,16
run_018,S082,T3,42.291515,-71.083709,146,1,14:11:00,16:59:00,349,354,18.7,False,2,9
run_018,S083,T1,42.385139,-70.990778,175,2,,,19,26,7.0,False,0,18
run_018,S084,T2,42.407615,-70.912689,154,3,11:57:00,14:53:00,353,361,23.1,True,4,13
run_018,S085,T3,42.358075,-71.141648,164,3,,,185,189,24.3,False,6,8
run_018,S086,T1,42.386643,-71.12269,89,1,12:14:00,15:52:00,281,287,2.0,False,2,15
run_018,S087,T2,42.373034,-71.04381,90,2,13:59:00,17:03:00,110,115,9.0,False,4,11
run_018,S088,T3,42.450585,-71.015764,119,1,08:58:00,11:26:00,27,34,3.9,True,3,9
run_018,S089,T1,42.297712,-71.083385,94,1,,,406,412,6.0,False,3,9
run_019,S090,T2,42.363841,-71.12415,59,1,16:00:00,20:12:00,275,282,2.9,False,4,12
run_019,S091,T3,42.365758,-71.124825,156,2,,,420,422,4.4,False,1,15
run_019,S092,T1,42.434734,-71.051112,169,3,15:27:00,18:17:00,206,215,0.3,False,4,16
run_019,S093,T2,42.47539,-71.121867,108,1,,,324,331,1.1,False,6,14
run_019,S094,T3,42.445788,-71.021406,69,2,,,180,189,0.2,False,6,8
run_019,S095,T1,42.349343,-71.137223,87,2,,,339,346,1.3,False,4,18
run_019,S096,T2,42.363193,-71.053971,57,2,,,340,346,5.9,False,3,13
run_019,S097,T3,42.327464,-71.069534,83,2,08:54:00,11:52:00,217,223,4.7,False,3,13
run_019,S098,T1,42.369189,-71.051662,162,1,,,75,81,25.1,False,3,11
run_019,S099,T2,42.34702,-71.029099,191,2,12:47:00,15:55:00,360,366,1.1,False,5,14
run_020,S000,T3,42.410257,-71.072619,122,2,,,244,253,21.1,False,5,10
run_020,S001,T1,42.382677,-71.144239,151,2,,,18,22,16.5,False,4,13
run_020,S002,T2,42.396073,-71.02823,132,1,,,364,369,7.9,False,4,15
run_020,S003,T3,42.366279,-71.123901,198,1,,,402,404,4.9,False,5,10
run_020,S004,T1,42.282364,-71.075177,84,1,13:25:00,15:35:00,354,360,14.2,False,2,17
run_020,S005,T2,42.30755,-70.902902,121,2,,,303,309,18.8,False,6,18
run_020,S006,T3,42.278466,-71.051451,64,3,14:05:00,16:50:00,363,370,2.8,False,5,15
run_020,S007,T1,42.37406,-71.069445,83,3,11:47:00,14:43:00,51,58,11.1,True,5,18
run_020,S008,T2,42.36289,-71.021517,185,2,,,143,149,5.1,False,3,9
run_020,S009,T3,42.336029,-71.112932,157,1,17:38:00,21:58:00,158,164,12.3,False,0,8
run_021,S010,T1,42.368024,-71.106861,91,2,,,439,444,16.4,False,2,14
run_021,S011,T2,42.387624,-71.088948,155,1,14:21:00,17:18:00,276,282,21.6,False,5,10
run_021,S012,T3,42.3249,-71.093145,59,1,15:57:00,19:57:00,124,130,8.1,False,3,17
run_021,S013,T1,42.37327,-71.102864,68,1,11:59:00,15:45:00,201,204,16.6,False,1,15
run_021,S014,T2,42.331612,-71.03839,118,2,08:34:00,11:21:00,225,235,2.0,False,6,15
run_021,S015,T3,42.265391,-71.11317,60,2,,,137,141,3.0,False,3,13
run_021,S016,T1,42.332645,-71.051821,51,3,10:06:00,13:30:00,145,148,12.6,False,5,12
run_021,S017,T2,42.264345,-71.031551,158,2,,,35,44,0.9,False,3,15
run_021,S018,T3,42.304961,-71.095565,62,1,08:59:00,12:08:00,443,447,7.8,False,4,12
run_021,S019,T1,42.395069,-71.043456,93,2,17:02:00,20:27:00,325,332,0.5,False,3,12
run_022,S020,T2,42.285021,-71.126482,84,1,09:22:00,11:51:00,115,121,31.6,False,5,8
run_022,S021,T3,42.325956,-71.033062,104,3,,,207,211,5.3,False,2,11
run_022,S022,T1,42.422457,-71.075005,61,3,,,144,145,1.3,False,1,17
run_022,S023,T2,42.335035,-71.016734,114,2,,,120,127,11.1,False,5,18
run_022,S024,T3,42.348171,-71.07982,81,1,,,160,166,1.7,False,5,8
run_022,S025,T1,42.483287,-71.094102,154,2,,,340,343,4.3,True,2,10
run_022,S026,T2,42.363001,-71.140542,116,1,,,179,185,20.7,False,3,10
run_022,S027,T3,42.355186,-71.037549,192,1,13:59:00,16:39:00,243,247,2.3,False,2,16
run_022,S028,T1,42.338071,-71.001685,183,3,,,66,70,0.8,False,2,15
run_022,S029,T2,42.409602,-71.119396,179,2,,,418,423,4.2,False,0,15
run_023,S030,T3,42.362527,-71.051475,74,1,09:24:00,11:17:00,288,293,9.3,False,6,18
run_023,S031,T1,42.400888,-71.092521,180,2,,,424,431,17.4,False,2,9
run_023,S032,T2,42.320023,-71.042423,198,2,09:03:00,11:27:00,78,84,33.8,False,3,13
run_023,S033,T3,42.386485,-71.15012,127,2,11:17:00,13:16:00,446,450,10.2,False,2,9
run_023,S034,T1,42.387006,-71.124125,109,1,14:18:00,16:48:00,4,9,0.6,False,4,13
run_023,S035,T2,42.434536,-71.088182,122,3,10:06:00,13:25:00,399,404,0.6,True,6,15
run_023,S036,T3,42.368029,-71.059848,66,2,,,100,102,9.8,False,0,8
run_023,S037,T1,42.405622,-71.187696,112,2,,,115,122,5.2,False,1,16
run_023,S038,T2,42.296359,-70.99273,141,1,13:13:00,16:38:00,132,137,6.6,False,5,16
run_023,S039,T3,42.351284,-71.087312,182,2,08:12:00,11:33:00,172,178,0.4,False,3,18
run_024,S040,T1,42.290603,-71.098112,188,1,,,190,192,1.6,False,2,8
run_024,S041,T2,42.359752,-71.023383,91,2,12:41:00,16:01:00,112,115,31.1,False,1,13
run_024,S042,T3,42.326546,-71.008005,178,1,,,129,131,18.4,False,5,13
run_024,S043,T1,42.339664,-70.952135,83,1,15:58:00,19:54:00,78,82,22.0,False,0,15
run_024,S044,T2,42.410543,-71.066526,118,1,,,415,420,0.5,False,4,8
run_024,S045,T3,42.372961,-71.005347,66,1,,,132,139,7.1,False,1,17
run_024,S046,T1,42.321544,-71.173594,188,1,11:14:00,15:28:00,27,30,8.0,False,1,17
run_024,S047,T2,42.271068,-71.099898,161,1,,,219,224,22.9,False,6,10
run_024,S048,T3,42.32582,-71.024523,122,3,09:14:00,13:11:00,450,456,14.9,False,1,10
run_024,S049,T1,42.313719,-71.037206,163,3,17:20:00,21:03:00,139,149,6.4,False,5,8
run_025,S050,T2,42.358161,-71.110761,144,1,09:10:00,11:19:00,270,276,1.0,False,1,17
run_025,S051,T3,42.314585,-71.01699,163,2,13:51:00,17:28:00,467,468,1.3,False,1,14
run_025,S052,T1,42.370524,-71.068228,169,3,12:34:00,16:35:00,31,38,3.0,True,3,13
run_025,S053,T2,42.34199,-70.953553,198,3,15:45:00,18:28:00,237,244,15.0,False,1,17
run_025,S054,T3,42.30806,-71.034855,135,1,,,149,155,17.0,False,5,16
run_025,S055,T1,42.327432,-71.058476,137,2,13:42:00,17:26:00,188,191,13.6,False,0,15
run_025,S056,T2,42.317058,-71.047802,72,2,14:43:00,17:33:00,280,284,6.2,False,5,15
run_025,S057,T3,42.383904,-71.070451,155,1,,,353,357,2.3,False,1,9
run_025,S058,T1,42.443495,-71.040266,115,1,16:47:00,18:59:00,392,397,14.3,False,4,13
run_025,S059,T2,42.360734,-71.132493,119,2,,,311,314,7.0,False,3,16
run_026,S060,T3,42.34562,-71.107079,181,3,11:09:00,13:32:00,226,232,0.0,False,0,18
run_026,S061,T1,42.316249,-71.079699,69,3,,,272,277,8.9,False,3,11
run_026,S062,T2,42.470713,-71.074801,129,2,17:54:00,21:05:00,375,384,16.3,False,3,9
run_026,S063,T3,42.407822,-71.021082,98,2,10:21:00,14:52:00,108,112,13.7,False,2,10
run_026,S064,T1,42.364078,-70.994672,143,2,14:48:00,18:13:00,318,324,13.3,False,0,14
run_026,S065,T2,42.291727,-71.111209,53,1,,,147,156,15.4,False,1,16
run_026,S066,T3,42.348676,-71.107972,127,1,14:08:00,17:37:00,399,405,38.9,False,2,18
run_026,S067,T1,42.291165,-71.034413,143,1,13:44:00,16:04:00,364,368,15.3,False,6,14
run_026,S068,T2,42.330829,-71.125045,113,1,,,420,421,27.7,False,2,9
run_026,S069,T3,42.320025,-71.014539,175,3,14:38:00,18:20:00,128,136,15.2,False,3,11
run_027,S070,T1,42.336784,-71.077304,106,1,11:23:00,13:58:00,212,216,2.8,False,0,12
run_027,S071,T2,42.315377,-71.071324,129,3,13:30:00,16:15:00,216,222,15.0,False,4,17
run_027,S072,T3,42.358932,-71.097361,156,3,,,83,91,4.2,False,4,18
run_027,S073,T1,42.461665,-71.006444,119,2,09:31:00,13:58:00,471,475,8.2,False,6,12
run_027,S074,T2,42.281873,-71.086453,106,2,12:57:00,14:17:00,81,87,2.1,False,1,17
run_027,S075,T3,42.324836,-71.123484,134,2,16:40:00,20:20:00,177,180,12.7,False,0,9
run_027,S076,T1,42.318844,-71.068209,135,3,14:32:00,17:52:00,151,156,12.3,False,2,10
run_027,S077,T2,42.367616,-71.10138,147,2,08:09:00,11:33:00,4,10,29.1,False,4,17
run_027,S078,T3,42.381828,-71.014803,147,1,,,143,152,7.9,False,6,17
run_027,S079,T1,42.308281,-71.05896,108,1,,,137,141,38.2,False,5,14
run_028,S080,T2,42.35932,-70.987132,81,2,,,390,396,14.2,False,1,16
run_028,S081,T3,42.413293,-71.042119,165,1,16:39:00,18:36:00,283,287,14.8,False,5,18
run_028,S082,T1,42.404155,-71.063892,146,3,17:51:00,19:56:00,166,174,4.8,False,0,11
run_028,S083,T2,42.385271,-71.054336,90,2,,,163,166,3.2,True,1,12
run_028,S084,T3,42.412483,-71.129027,192,1,,,431,437,5.9,False,2,13
run_028,S085,T1,42.407843,-71.12144,129,1,10:44:00,12:46:00,282,288,3.2,False,1,10
run_028,S086,T2,42.332675,-71.085786,150,2,12:03:00,15:52:00,245,249,44.6,False,4,18
run_028,S087,T3,42.417119,-71.112886,62,2,09:03:00,13:38:00,101,106,39.0,False,0,14
run_028,S088,T1,42.316904,-71.041823,118,1,16:02:00,19:38:00,195,202,0.8,True,2,17
run_028,S089,T2,42.37629,-71.100269,58,2,11:37:00,15:34:00,133,140,12.4,False,3,12
run_029,S090,T3,42.344817,-71.157764,157,1,16:20:00,20:30:00,75,79,12.4,False,1,17
run_029,S091,T1,42.334761,-71.088264,90,2,,,306,311,6.0,False,0,14
run_029,S092,T2,42.39818,-70.997147,177,1,13:16:00,16:24:00,107,113,10.1,False,4,9
run_029,S093,T3,42.35879,-71.041378,115,2,,,423,427,0.0,False,1,13
run_029,S094,T1,42.313843,-71.034809,197,1,08:07:00,11:33:00,127,135,7.2,False,4,16
run_029,S095,T2,42.410627,-71.110017,106,1,,,116,120,5.2,False,5,18
run_029,S096,T3,42.377131,-71.048997,194,1,14:08:00,17:46:00,251,254,23.8,False,1,10
run_029,S097,T1,42.401712,-71.026371,140,3,09:55:00,11:40:00,37,46,2.6,False,0,10
run_029,S098,T2,42.312407,-71.075181,196,2,11:48:00,13:12:00,423,429,3.3,False,4,15
run_029,S099,T3,42.369525,-71.081761,180,3,,,425,432,12.0,False,2,18
run_030,S000,T1,42.410161,-70.957157,173,2,14:56:00,16:14:00,430,433,1.3,True,3,18
run_030,S001,T2,42.346891,-71.065994,58,2,,,319,324,8.4,False,2,16
run_030,S002,T3,42.401498,-71.087642,102,1,10:40:00,13:57:00,221,225,21.0,False,0,13
run_030,S003,T1,42.367438,-71.077855,135,2,16:55:00,20:01:00,254,261,0.8,False,6,9
run_030,S004,T2,42.396715,-71.092467,61,3,10:10:00,13:13:00,49,58,2.9,False,4,16
run_030,S005,T3,42.402966,-71.063161,186,1,11:34:00,14:38:00,7,9,7.3,False,5,11
run_030,S006,T1,42.269498,-71.094397,125,2,,,173,180,22.3,False,0,15
run_030,S007,T2,42.428683,-70.95474,100,1,,,37,40,9.0,False,5,9
run_030,S008,T3,42.309279,-71.020856,141,3,,,27,34,35.3,True,5,15
run_030,S009,T1,42.326289,-71.1048,140,2,14:40:00,16:40:00,71,75,10.1,False,2,13
run_031,S010,T2,42.354723,-71.069218,194,2,13:25:00,15:51:00,135,140,6.0,False,5,17
run_031,S011,T3,42.28036,-70.945178,191,1,,,290,294,5.9,False,0,13
run_031,S012,T1,42.484223,-71.09515,98,1,08:07:00,10:49:00,403,408,16.2,False,2,18
run_031,S013,T2,42.322392,-71.035993,156,3,,,309,320,26.8,False,4,18
run_031,S014,T3,42.321042,-71.069717,90,1,,,16,21,7.1,False,5,18
run_031,S015,T1,42.320199,-71.060928,60,2,10:10:00,13:26:00,126,134,3.2,False,0,12
run_031,S016,T2,42.291115,-71.1529,125,3,15:07:00,18:55:00,267,270,12.7,False,6,10
run_031,S017,T3,42.411461,-71.019465,133,3,09:17:00,12:24:00,477,484,16.1,False,4,13
run_031,S018,T1,42.326487,-71.04663,133,1,08:32:00,11:47:00,377,385,5.3,False,1,13
run_031,S019,T2,42.31938,-70.993491,100,2,17:13:00,19:03:00,117,125,1.2,False,1,9
run_032,S020,T3,42.344937,-71.075867,166,2,,,1,9,47.4,False,6,16
run_032,S021,T1,42.365843,-71.032062,61,3,10:42:00,13:46:00,310,317,8.6,False,6,17
run_032,S022,T2,42.26203,-71.023368,72,1,15:56:00,17:33:00,283,291,5.2,False,1,17
run_032,S023,T3,42.34323,-71.055947,171,1,,,29,33,5.9,True,2,18
run_032,S024,T1,42.386403,-71.035565,128,1,,,40,42,8.7,False,6,15
run_032,S025,T2,42.325341,-70.994783,149,1,08:23:00,12:09:00,289,291,1.8,False,6,15
run_032,S026,T3,42.304715,-71.070746,105,1,08:00:00,10:46:00,147,153,4.8,False,3,15
run_032,S027,T1,42.254204,-71.038179,162,2,,,293,301,18.8,False,3,10
run_032,S028,T2,42.421106,-71.054441,114,1,,,30,34,6.6,False,2,8
run_032,S029,T3,42.381203,-71.059725,124,2,,,44,49,4.8,False,0,16
run_033,S030,T1,42.305093,-71.078091,99,1,13:58:00,17:02:00,398,401,18.0,False,2,15
run_033,S031,T2,42.3582,-71.130188,84,3,14:05:00,16:22:00,200,203,41.4,False,1,15
run_033,S032,T3,42.283017,-71.134314,71,2,,,67,72,7.6,False,3,16
run_033,S033,T1,42.379862,-71.085812,136,2,10:02:00,12:43:00,353,357,3.0,False,2,11
run_033,S034,T2,42.296927,-71.103252,93,1,14:03:00,18:11:00,91,97,2.3,True,5,18
run_033,S035,T3,42.342104,-71.024483,131,2,,,103,110,3.9,False,2,15
run_033,S036,T1,42.35051,-70.987996,134,1,,,7,12,7.8,False,4,8
run_033,S037,T2,42.331615,-71.047313,96,1,13:20:00,17:38:00,475,481,0.6,False,1,16
run_033,S038,T3,42.341918,-70.961605,61,3,13:16:00,16:10:00,146,150,14.0,False,2,11
run_033,S039,T1,42.361444,-71.156241,151,2,08:23:00,12:53:00,398,403,9.3,False,5,17
run_034,S040,T2,42.348909,-71.02628,131,2,10:46:00,12:49:00,390,398,22.4,False,3,17
run_034,S041,T3,42.349777,-71.030322,80,3,14:15:00,17:08:00,479,480,26.5,False,1,10
run_034,S042,T1,42.471987,-71.036996,70,2,09:40:00,13:11:00,34,41,3.5,False,1,17
run_034,S043,T2,42.385654,-71.034248,86,2,15:07:00,19:19:00,187,194,10.7,False,4,13
run_034,S044,T3,42.389225,-71.037517,153,1,,,22,26,5.2,False,6,16
run_034,S045,T1,42.358799,-71.093759,148,3,15:02:00,19:23:00,187,192,8.6,False,0,18
run_034,S046,T2,42.324204,-71.043192,173,2,,,143,146,12.4,False,0,13
run_034,S047,T3,42.356428,-71.115083,83,1,14:02:00,18:17:00,214,221,26.5,False,5,9
run_034,S048,T1,42.401474,-71.069691,102,3,,,294,301,38.6,False,0,13
run_034,S049,T2,42.298037,-71.142646,106,3,16:21:00,18:51:00,336,344,12.7,False,6,18
run_035,S050,T3,42.353161,-71.005508,103,2,,,51,57,6.2,False,1,10
run_035,S051,T1,42.470937,-71.098349,128,1,,,21,24,8.3,False,0,12
run_035,S052,T2,42.325227,-70.982145,83,1,09:55:00,12:32:00,126,130,3.2,False,0,13
run_035,S053,T3,42.360769,-71.076395,99,2,15:40:00,19:53:00,324,330,28.2,False,4,15
run_035,S054,T1,42.351528,-71.05252,186,2,09:43:00,12:22:00,337,342,24.1,False,2,13
run_035,S055,T2,42.407249,-71.040477,194,1,,,185,190,0.4,False,0,13
run_035,S056,T3,42.396904,-71.054456,169,2,,,438,445,33.8,False,3,13
run_035,S057,T1,42.421807,-71.112769,70,1,11:18:00,15:37:00,292,300,0.5,False,6,16
run_035,S058,T2,42.380396,-71.066249,77,2,,,40,44,10.1,False,0,14
run_035,S059,T3,42.356923,-71.07432,190,3,,,99,105,19.0,False,2,13
run_036,S060,T1,42.39111,-71.116942,103,1,15:21:00,18:00:00,108,115,1.3,False,2,15
run_036,S061,T2,42.351779,-71.053085,103,3,,,437,442,8.7,False,3,13
run_036,S062,T3,42.410104,-71.03414,103,2,17:52:00,19:35:00,302,304,0.2,False,2,17
run_036,S063,T1,42.303309,-71.07143,180,2,13:16:00,15:27:00,181,185,3.1,False,0,9
run_036,S064,T2,42.390852,-71.041631,171,2,17:37:00,20:41:00,339,341,2.5,False,5,10
run_036,S065,T3,42.343573,-71.098157,183,1,14:31:00,18:03:00,32,38,13.4,False,6,15
run_036,S066,T1,42.391436,-71.121324,61,1,12:35:00,16:49:00,227,233,15.2,False,5,13
run_036,S067,T2,42.372198,-71.173675,181,2,15:02:00,19:38:00,156,160,2.8,False,4,10
run_036,S068,T3,42.443574,-71.065378,53,2,,,89,99,10.3,False,6,9
run_036,S069,T1,42.381649,-70.986484,66,3,17:43:00,20:28:00,440,446,9.7,False,2,18
run_037,S070,T2,42.379663,-70.98935,60,2,12:07:00,15:50:00,67,76,3.0,False,5,10
run_037,S071,T3,42.309245,-71.028074,106,2,16:45:00,18:10:00,240,245,26.7,False,0,12
run_037,S072,T1,42.28145,-71.060783,103,2,,,160,166,2.8,False,4,12
run_037,S073,T2,42.389229,-70.95882,183,2,13:21:00,16:38:00,201,207,2.0,False,0,15
run_037,S074,T3,42.474447,-71.137838,55,1,,,92,99,11.2,False,0,18
run_037,S075,T1,42.357762,-71.178783,119,2,,,168,175,2.2,False,4,16
run_037,S076,T2,42.280094,-71.036891,138,2,,,273,277,9.7,False,5,18
run_037,S077,T3,42.367853,-71.038706,57,1,,,140,146,19.3,False,0,11
run_037,S078,T1,42.323546,-71.007604,143,1,08:42:00,10:20:00,80,86,14.8,False,2,16
run_037,S079,T2,42.299843,-71.075653,123,3,11:36:00,15:11:00,425,430,16.3,False,4,10
run_038,S080,T3,42.363016,-71.126164,140,3,,,277,282,6.6,True,3,15
run_038,S081,T1,42.356693,-71.099809,58,3,13:55:00,17:29:00,33,39,50.0,False,4,9
run_038,S082,T2,42.292794,-71.140163,166,1,,,93,95,15.5,False,3,15
run_038,S083,T3,42.410376,-71.039676,140,3,09:03:00,12:56:00,256,258,2.1,False,6,16
run_038,S084,T1,42.283686,-71.058371,154,3,12:57:00,16:21:00,277,282,30.0,False,3,16
run_038,S085,T2,42.394316,-71.137012,198,1,,,98,107,4.0,False,2,10
run_038,S086,T3,42.350911,-71.051333,96,1,14:06:00,18:39:00,39,47,17.3,False,2,16
run_038,S087,T1,42.333264,-71.054374,158,2,,,220,227,2.9,False,5,16
run_038,S088,T2,42.397305,-71.141252,95,2,16:26:00,19:33:00,377,383,5.3,False,4,9
run_038,S089,T3,42.395482,-71.038163,73,3,,,23,29,10.6,False,4,10
run_039,S090,T1,42.271071,-71.044017,72,1,,,364,371,0.6,False,4,13
run_039,S091,T2,42.232082,-71.114362,52,3,10:21:00,12:07:00,451,454,34.1,False,0,8
run_039,S092,T3,42.393969,-71.11744,190,3,14:57:00,16:46:00,29,37,17.0,False,4,14
run_039,S093,T1,42.310942,-71.083013,172,3,,,46,49,16.4,False,5,16
run_039,S094,T2,42.432987,-71.146005,65,2,,,58,66,0.2,False,1,18
run_039,S095,T3,42.334772,-71.053337,188,2,17:21:00,19:37:00,323,325,29.8,True,0,10
run_039,S096,T1,42.313775,-71.043492,150,2,13:48:00,16:52:00,190,191,27.0,False,2,17
run_039,S097,T2,42.367853,-71.033275,145,1,14:58:00,16:58:00,406,413,1.3,False,5,13
run_039,S098,T3,42.339111,-71.012888,122,2,13:05:00,16:28:00,307,314,5.7,False,4,9
run_039,S099,T1,42.417057,-71.154022,64,2,11:31:00,14:06:00,127,133,23.7,False,3,11
run_040,S000,T2,42.372803,-71.076162,82,1,09:54:00,13:05:00,215,222,7.9,False,3,17
run_040,S001,T3,42.38876,-70.969039,183,2,15:12:00,18:15:00,445,451,8.0,False,1,13
run_040,S002,T1,42.31018,-71.073994,138,3,,,147,155,3.8,False,1,15
run_040,S003,T2,42.434679,-71.059676,121,3,14:13:00,17:11:00,450,458,19.0,False,3,8
run_040,S004,T3,42.361353,-71.054907,121,1,,,123,126,5.3,False,1,11
run_040,S005,T1,42.338268,-71.065612,127,3,12:53:00,15:52:00,58,65,4.4,True,3,17
run_040,S006,T2,42.347708,-71.090712,172,2,09:29:00,11:15:00,166,172,11.1,True,0,14
run_040,S007,T3,42.385089,-71.119273,196,1,,,127,134,13.9,False,6,14
run_040,S008,T1,42.345287,-71.086402,131,2,17:40:00,19:36:00,391,397,2.0,True,4,11
run_040,S009,T2,42.322075,-70.98432,120,2,10:09:00,13:46:00,344,348,13.5,True,4,15
run_041,S010,T3,42.400058,-70.954456,71,3,17:42:00,19:20:00,218,222,9.1,False,5,17
run_041,S011,T1,42.346417,-70.985071,102,1,09:21:00,12:27:00,133,141,2.9,True,2,13
run_041,S012,T2,42.419496,-71.009316,97,3,,,325,328,9.1,False,1,17
run_041,S013,T3,42.314125,-71.070746,71,3,11:33:00,15:10:00,24,30,0.5,True,0,10
run_041,S014,T1,42.290877,-70.982961,56,2,,,304,311,2.5,False,1,17
run_041,S015,T2,42.363349,-71.022105,81,3,13:47:00,17:32:00,144,152,6.9,False,2,10
run_041,S016,T3,42.318282,-71.001429,134,2,,,126,132,17.0,False,2,17
run_041,S017,T1,42.374893,-71.200997,196,2,15:27:00,17:43:00,42,49,10.2,False,3,17
run_041,S018,T2,42.400377,-71.108662,88,2,08:52:00,12:22:00,110,114,3.2,True,2,18
run_041,S019,T3,42.325473,-70.974749,107,1,,,160,165,11.2,False,6,18
run_042,S020,T1,42.380394,-71.037373,68,1,11:58:00,14:00:00,76,81,7.2,False,5,17
run_042,S021,T2,42.426298,-71.011122,122,3,13:42:00,16:10:00,294,298,3.1,True,3,10
run_042,S022,T3,42.400517,-71.073482,186,3,,,337,342,9.9,False,6,14
run_042,S023,T1,42.432663,-71.018465,163,1,,,251,254,1.6,False,4,9
run_042,S024,T2,42.340178,-70.990169,112,1,13:10:00,15:13:00,213,217,6.8,False,1,14
run_042,S025,T3,42.360205,-71.084656,170,1,08:37:00,10:14:00,340,348,1.7,False,3,8
run_042,S026,T1,42.399519,-71.042997,158,1,11:18:00,13:52:00,451,454,2.9,False,5,15
run_042,S027,T2,42.304146,-70.912545,70,3,17:51:00,20:18:00,152,160,17.6,False,3,16
run_042,S028,T3,42.390785,-71.088259,182,2,11:45:00,15:41:00,361,365,3.8,False,6,18
run_042,S029,T1,42.321636,-71.083735,167,2,,,260,268,11.3,False,1,12
run_043,S030,T2,42.368741,-71.051767,106,3,13:08:00,15:36:00,238,242,11.8,False,2,12
run_043,S031,T3,42.386739,-71.080868,194,1,,,246,251,0.0,False,3,13
run_043,S032,T1,42.408791,-71.014077,67,3,,,93,98,4.4,False,2,12
run_043,S033,T2,42.381248,-71.070851,77,1,14:54:00,16:40:00,245,250,3.1,False,3,13
run_043,S034,T3,42.419942,-71.099496,121,1,16:46:00,18:18:00,445,451,5.3,False,5,9
run_043,S035,T1,42.399553,-71.097866,147,2,,,140,147,20.4,False,5,15
run_043,S036,T2,42.387444,-70.94904,97,1,08:52:00,11:55:00,316,320,11.8,False,4,12
run_043,S037,T3,42.339595,-71.083643,98,1,10:06:00,12:03:00,304,307,30.2,False,1,11
run_043,S038,T1,42.386866,-70.993282,74,1,,,250,261,9.9,False,5,11
run_043,S039,T2,42.304402,-71.11482,74,1,13:27:00,16:39:00,119,126,14.0,False,3,9
run_044,S040,T3,42.413206,-71.064969,157,1,10:53:00,14:29:00,338,343,6.6,False,1,14
run_044,S041,T1,42.420766,-71.061841,106,2,15:17:00,19:15:00,383,388,2.3,False,2,13
run_044,S042,T2,42.402422,-71.172344,85,2,,,334,340,0.8,False,0,18
run_044,S043,T3,42.332013,-70.999996,128,3,11:28:00,15:30:00,233,238,3.9,False,6,8
run_044,S044,T1,42.328232,-71.119483,113,1,15:58:00,18:59:00,131,140,10.7,False,0,14
run_044,S045,T2,42.345858,-71.027424,98,2,16:27:00,20:05:00,123,126,1.0,False,6,12
run_044,S046,T3,42.276976,-70.969018,107,1,12:47:00,16:39:00,317,323,1.5,False,0,13
run_044,S047,T1,42.430523,-71.006288,78,2,14:27:00,16:35:00,382,391,22.1,False,4,15
run_044,S048,T2,42.3778,-71.0491,180,1,,,276,283,8.6,False,1,9
run_044,S049,T3,42.37553,-71.111626,62,2,13:15:00,15:22:00,103,109,3.8,False,2,10
run_045,S050,T1,42.322096,-71.094369,143,1,,,221,227,2.1,False,4,18
run_045,S051,T2,42.405114,-71.048887,189,1,10:25:00,12:47:00,145,150,31.8,False,3,14
run_045,S052,T3,42.437558,-71.168319,110,3,08:29:00,12:21:00,479,486,2.5,False,0,10
run_045,S053,T1,42.312583,-71.136296,181,1,14:54:00,17:03:00,471,478,0.9,False,0,12
run_045,S054,T2,42.312529,-70.988263,77,2,15:00:00,19:44:00,62,66,21.9,False,2,12
run_045,S055,T3,42.281816,-71.037723,95,3,,,177,185,15.3,True,5,13
run_045,S056,T1,42.292109,-71.076128,153,1,13:17:00,15:18:00,263,269,0.7,False,2,10
run_045,S057,T2,42.283221,-71.00193,110,2,,,457,461,0.1,False,5,12
run_045,S058,T3,42.482473,-71.118815,193,1,,,252,258,22.2,False,2,17
run_045,S059,T1,42.356604,-71.074796,97,1,12:34:00,15:59:00,165,173,0.2,False,1,15
run_046,S060,T2,42.371979,-71.035792,149,3,14:14:00,17:52:00,2,9,8.8,False,3,16
run_046,S061,T3,42.376529,-71.052756,176,1,,,18,24,5.8,False,4,9
run_046,S062,T1,42.319079,-70.983382,69,3,10:22:00,14:53:00,138,143,7.5,False,0,17
run_046,S063,T2,42.388024,-71.028725,63,1,09:26:00,11:20:00,181,188,4.7,False,4,11
run_046,S064,T3,42.458129,-71.059815,138,3,16:53:00,20:22:00,338,345,5.3,False,6,16
run_046,S065,T1,42.389962,-71.126041,191,2,09:19:00,13:16:00,111,121,0.3,False,4,15
run_046,S066,T2,42.351043,-71.123401,89,1,,,117,124,10.2,False,0,15
run_046,S067,T3,42.373346,-71.000791,115,1,11:53:00,13:18:00,74,80,9.0,False,0,16
run_046,S068,T1,42.33671,-71.067542,57,2,,,28,32,9.3,False,0,14
run_046,S069,T2,42.35255,-71.116531,94,2,,,442,449,21.7,False,4,9
run_047,S070,T3,42.391476,-71.100216,137,1,16:34:00,20:32:00,211,218,9.2,False,4,8
run_047,S071,T1,42.308928,-71.030892,166,1,,,221,227,1.4,False,2,14
run_047,S072,T2,42.318994,-71.156788,61,1,,,432,439,3.7,False,5,18
run_047,S073,T3,42.375767,-70.988277,120,2,17:33:00,19:52:00,49,55,3.1,False,3,14
run_047,S074,T1,42.274889,-71.083141,153,2,15:28:00,18:01:00,55,60,4.4,False,6,16
run_047,S075,T2,42.330993,-71.082806,150,1,,,281,287,16.6,False,1,16
run_047,S076,T3,42.33935,-71.106335,176,2,15:55:00,17:16:00,129,136,9.6,False,1,8
run_047,S077,T1,42.402482,-71.063805,59,1,,,423,426,3.6,False,5,16
run_047,S078,T2,42.365822,-71.065052,114,2,14:30:00,16:26:00,438,443,6.1,False,1,15
run_047,S079,T3,42.328222,-71.032908,164,2,15:16:00,19:38:00,105,114,3.8,False,5,9
run_048,S080,T1,42.421193,-71.053159,130,1,,,31,36,2.2,False,6,8
run_048,S081,T2,42.402258,-70.974865,125,1,13:18:00,16:28:00,248,253,19.6,False,0,15
run_048,S082,T3,42.274806,-71.106223,138,3,,,223,228,30.3,False,1,8
run_048,S083,T1,42.345008,-71.046902,139,2,13:03:00,15:41:00,71,74,4.7,False,6,8
run_048,S084,T2,42.315384,-71.039896,169,1,12:29:00,16:04:00,130,136,3.4,False,6,17
run_048,S085,T3,42.338481,-71.115243,81,2,10:09:00,14:19:00,255,261,0.9,False,6,13
run_048,S086,T1,42.418986,-71.050295,118,1,11:24:00,15:30:00,424,430,7.4,False,5,16
run_048,S087,T2,42.276578,-70.985303,94,1,17:49:00,21:45:00,275,282,4.7,False,4,17
run_048,S088,T3,42.321629,-71.103819,178,1,,,398,402,2.7,False,3,8
run_048,S089,T1,42.313603,-71.024937,160,2,,,186,192,8.9,False,6,16
run_049,S090,T2,42.403226,-70.984056,194,2,,,285,293,1.9,False,2,14
run_049,S091,T3,42.341733,-71.052937,165,1,,,142,143,24.1,False,6,11
run_049,S092,T1,42.385413,-70.863688,177,2,,,179,186,26.4,False,3,8
run_049,S093,T2,42.337313,-71.09887,81,3,08:44:00,12:59:00,71,78,25.6,False,4,10
run_049,S094,T3,42.404054,-70.9822,91,2,10:10:00,13:52:00,170,173,8.1,False,5,9
run_049,S095,T1,42.390294,-71.049899,105,2,,,389,395,4.6,True,5,11
run_049,S096,T2,42.416095,-71.10092,103,1,15:40:00,19:36:00,226,228,4.0,False,4,8
run_049,S097,T3,42.327166,-70.999577,55,1,10:55:00,12:22:00,449,458,9.7,False,5,18
run_049,S098,T1,42.368049,-70.933324,92,3,11:57:00,13:09:00,307,313,4.3,False,2,12
run_049,S099,T2,42.457391,-70.990502,148,1,15:55:00,17:22:00,384,389,0.9,False,5,9
