run_id,vehicle_id,curr_stop_id,next_stop_id,curr_lat,curr_lng,next_lat,next_lng,curr_demand,next_demand,next_priority,dist_km,window_slack_min,label
run_000,T1,S000,S001,42.384836,-71.066913,42.392384,-70.983849,152,171,1,9.26,274,1
run_000,T2,S001,S002,42.438961,-71.021628,42.336526,-71.032872,70,107,2,11.44,81,1
run_000,T3,S002,S003,42.238045,-71.029828,42.347448,-71.068193,100,157,1,12.87,114,0
run_000,T1,S003,S004,42.358777,-71.042222,42.380851,-71.018377,122,67,3,3.61,447,1
run_000,T2,S004,S005,42.364756,-71.026767,42.352989,-71.06166,179,133,2,4.09,151,1
run_000,T3,S005,S006,42.308922,-71.068088,42.333318,-71.060276,130,99,1,2.84,419,1
run_000,T1,S006,S007,42.337663,-70.983788,42.37615,-71.129671,195,93,3,16.75,221,0
run_000,T2,S007,S008,42.39492,-71.068581,42.314641,-71.000569,89,131,3,11.68,426,1
run_000,T3,S008,S009,42.336968,-71.007144,42.377181,-71.148152,90,64,3,16.28,360,0
run_000,T1,S009,S010,42.326154,-71.029416,42.41155,-71.013436,82,172,2,9.64,320,0
run_000,T2,S010,S011,42.370579,-71.030148,42.315183,-71.065599,111,86,1,7.3,158,0
run_000,T3,S011,S012,42.281292,-71.028102,42.257779,-71.006526,180,50,1,3.54,64,0
run_000,T1,S012,S013,42.434772,-71.043091,42.528615,-71.10602,64,139,2,12.54,101,1
run_000,T2,S013,S014,42.290964,-71.07404,42.357009,-71.011941,145,181,1,10.06,281,0
run_000,T3,S014,S015,42.374883,-71.111406,42.28907,-71.050483,62,120,2,11.68,246,1
run_000,T1,S015,S016,42.395249,-71.041954,42.286652,-71.015369,183,77,2,12.41,87,1
run_000,T2,S016,S017,42.339262,-71.129937,42.342796,-71.022461,141,178,2,11.94,436,0
run_000,T3,S017,S018,42.292531,-71.110954,42.366351,-71.122472,111,100,1,8.29,293,0
run_000,T1,S018,S019,42.382647,-71.068303,42.370747,-71.161116,162,111,3,10.39,111,1
run_000,T2,S019,S020,42.400894,-71.11273,42.322084,-71.037129,130,162,2,12.12,61,1
run_001,T3,S020,S021,42.327041,-71.059803,42.383888,-71.072951,196,175,2,6.48,189,0
run_001,T1,S021,S022,42.235062,-70.985984,42.467936,-70.998411,172,194,3,25.89,314,0
run_001,T2,S022,S023,42.353135,-70.989934,42.35773,-71.049153,193,146,2,6.59,260,0
run_001,T3,S023,S024,42.310473,-71.088315,42.364983,-71.085174,196,139,1,6.06,206,1
run_001,T1,S024,S025,42.323985,-71.073497,42.352827,-71.02915,88,131,1,5.87,419,0
run_001,T2,S025,S026,42.340587,-71.104276,42.342163,-71.032194,193,139,1,8.0,171,0
run_001,T3,S026,S027,42.428194,-70.933042,42.343775,-71.070293,189,86,1,17.89,219,0
run_001,T1,S027,S028,42.287998,-71.000464,42.42497,-71.103357,180,197,2,19.02,211,0
run_001,T2,S028,S029,42.406033,-71.071336,42.392652,-71.004866,161,148,2,7.53,212,1
run_001,T3,S029,S030,42.453289,-71.036308,42.300435,-71.027172,117,82,2,17.0,457,1
run_001,T1,S030,S031,42.41793,-71.101034,42.408169,-71.039361,194,177,2,6.93,92,0
run_001,T2,S031,S032,42.391712,-70.906945,42.294071,-71.023981,87,158,1,16.92,110,0
run_001,T3,S032,S033,42.373835,-71.018641,42.36065,-70.987323,77,160,1,3.77,376,0
run_001,T1,S033,S034,42.499197,-71.061559,42.359421,-71.05047,95,166,1,15.56,65,1
run_001,T2,S034,S035,42.353793,-71.022983,42.337377,-71.021148,116,177,2,1.83,77,1
run_001,T3,S035,S036,42.395505,-71.055376,42.391504,-70.971853,73,163,3,9.28,347,1
run_001,T1,S036,S037,42.302614,-70.99052,42.317238,-71.111353,66,153,2,13.51,476,0
run_001,T2,S037,S038,42.380932,-71.096409,42.269906,-71.036614,75,148,1,14.0,365,1
run_001,T3,S038,S039,42.385752,-70.867363,42.388545,-71.003222,193,191,1,15.08,430,0
run_001,T1,S039,S040,42.302372,-71.135038,42.368251,-71.102796,135,100,2,8.14,212,1
run_002,T2,S040,S041,42.367492,-71.052955,42.377721,-71.154016,150,57,1,11.28,112,0
run_002,T3,S041,S042,42.42052,-71.067562,42.341274,-71.124561,148,104,3,10.84,367,0
run_002,T1,S042,S043,42.294604,-71.15953,42.317123,-71.018,166,111,2,15.91,338,1
run_002,T2,S043,S044,42.449065,-71.093871,42.282559,-71.077156,167,97,2,18.58,148,0
run_002,T3,S044,S045,42.296956,-71.014107,42.466108,-71.008377,125,193,2,18.79,145,1
run_002,T1,S045,S046,42.382191,-71.021268,42.313653,-71.062976,134,88,1,8.91,159,1
run_002,T2,S046,S047,42.347372,-71.122389,42.441621,-71.131507,118,149,3,10.51,349,0
run_002,T3,S047,S048,42.360091,-71.022203,42.456677,-71.039306,65,73,3,10.89,395,0
run_002,T1,S048,S049,42.349877,-71.056955,42.392358,-71.053695,189,173,3,4.73,92,0
run_002,T2,S049,S000,42.466652,-71.157604,42.352411,-71.030584,123,92,1,18.96,103,0
run_002,T3,S000,S001,42.315846,-71.094969,42.339075,-71.065571,84,130,1,4.16,149,0
run_002,T1,S001,S002,42.40425,-71.083226,42.328888,-71.077774,163,124,1,8.39,472,0
run_002,T2,S002,S003,42.355496,-71.085294,42.362537,-71.03527,150,148,1,5.61,95,1
run_002,T3,S003,S004,42.423883,-71.089579,42.387355,-71.07011,86,61,1,4.59,428,0
run_002,T1,S004,S005,42.417219,-71.017107,42.328657,-71.1271,162,111,2,15.67,143,0
run_002,T2,S005,S006,42.333841,-71.012543,42.348039,-71.017301,189,196,2,1.66,135,0
run_002,T3,S006,S007,42.379602,-71.066226,42.34999,-70.958764,160,193,2,12.37,432,0
run_002,T1,S007,S008,42.370095,-71.100237,42.287967,-71.046534,102,193,3,10.89,116,0
run_002,T2,S008,S009,42.450683,-71.039771,42.364504,-71.055863,56,190,1,9.73,227,0
run_002,T3,S009,S010,42.336448,-71.048398,42.287596,-71.130373,194,120,1,10.59,276,0
run_003,T1,S010,S011,42.272836,-71.006526,42.351807,-70.966961,157,140,3,9.8,261,0
run_003,T2,S011,S012,42.344884,-71.060228,42.325883,-71.06241,110,176,2,2.12,420,1
run_003,T3,S012,S013,42.402009,-71.003333,42.333013,-71.130998,162,105,2,16.11,476,1
run_003,T1,S013,S014,42.371205,-71.05937,42.364884,-71.09865,69,195,1,4.42,106,0
run_003,T2,S014,S015,42.432557,-71.012036,42.467659,-71.098367,167,52,2,10.34,203,0
run_003,T3,S015,S016,42.378345,-71.049525,42.316222,-71.071742,166,57,1,7.32,181,0
run_003,T1,S016,S017,42.352114,-71.127753,42.41163,-71.150507,150,90,1,7.07,287,0
run_003,T2,S017,S018,42.264365,-71.041876,42.388567,-71.011474,190,95,2,14.19,94,0
run_003,T3,S018,S019,42.397098,-70.986167,42.395012,-71.066615,158,54,3,8.93,178,0
run_003,T1,S019,S020,42.42998,-71.082371,42.377031,-71.060689,60,134,1,6.35,341,0
run_003,T2,S020,S021,42.377046,-71.064321,42.373782,-71.046064,147,154,1,2.06,158,0
run_003,T3,S021,S022,42.370934,-71.084219,42.441943,-71.048738,52,72,3,8.81,112,0
run_003,T1,S022,S023,42.344349,-71.139956,42.29157,-71.033225,162,81,3,13.22,93,0
run_003,T2,S023,S024,42.318605,-71.075193,42.372117,-70.95763,167,52,1,14.34,438,1
run_003,T3,S024,S025,42.406854,-71.088466,42.380686,-70.992896,96,134,2,11.0,457,0
run_003,T1,S025,S026,42.311754,-71.025697,42.412921,-71.147937,79,128,2,17.61,406,1
run_003,T2,S026,S027,42.37256,-71.08269,42.258538,-70.961935,128,79,1,18.43,306,0
run_003,T3,S027,S028,42.455295,-71.04862,42.350266,-70.989016,194,123,1,13.4,332,1
run_003,T1,S028,S029,42.345931,-71.143235,42.35969,-71.039844,175,92,2,11.58,299,0
run_003,T2,S029,S030,42.384255,-71.163126,42.477099,-71.115093,167,193,3,11.6,67,0
run_004,T3,S030,S031,42.388011,-71.105606,42.409856,-71.071766,142,110,1,4.47,181,0
run_004,T1,S031,S032,42.390805,-71.086436,42.295985,-71.12508,71,198,3,11.37,385,1
run_004,T2,S032,S033,42.354648,-71.111762,42.332318,-71.119894,127,94,3,2.64,470,0
run_004,T3,S033,S034,42.325014,-71.049301,42.354384,-71.071048,50,57,2,4.06,172,0
run_004,T1,S034,S035,42.368906,-71.058218,42.399985,-71.05655,63,77,3,3.45,137,0
run_004,T2,S035,S036,42.442248,-71.072452,42.388828,-71.044437,156,67,1,6.7,353,0
run_004,T3,S036,S037,42.279678,-71.049827,42.322182,-71.131113,88,66,2,10.18,290,0
run_004,T1,S037,S038,42.363763,-71.10375,42.324872,-71.119663,74,117,2,4.66,453,0
run_004,T2,S038,S039,42.359601,-70.986003,42.363868,-71.103064,83,160,3,13.0,323,0
run_004,T3,S039,S040,42.433972,-70.960693,42.283846,-71.116793,75,113,1,24.04,285,1
run_004,T1,S040,S041,42.359439,-71.1419,42.384829,-71.069713,199,70,2,8.49,257,1
run_004,T2,S041,S042,42.349688,-71.173898,42.399874,-71.05274,128,183,3,14.56,177,1
run_004,T3,S042,S043,42.3238,-71.086629,42.386416,-71.049625,128,185,1,8.07,85,1
run_004,T1,S043,S044,42.406651,-71.098087,42.331772,-71.110102,68,69,1,8.42,172,1
run_004,T2,S044,S045,42.452349,-71.046702,42.349326,-71.053075,175,188,1,11.46,415,0
run_004,T3,S045,S046,42.404096,-71.144244,42.322602,-71.16694,54,187,1,9.39,231,0
run_004,T1,S046,S047,42.391331,-71.110631,42.479494,-71.090221,143,144,2,10.04,364,0
run_004,T2,S047,S048,42.382576,-71.02781,42.394198,-71.067226,186,125,1,4.56,94,0
run_004,T3,S048,S049,42.369176,-71.042342,42.386596,-71.025182,109,79,3,2.71,350,0
run_004,T1,S049,S000,42.379723,-71.081049,42.374489,-70.95623,181,138,1,13.87,296,0
run_005,T2,S000,S001,42.445465,-71.018755,42.448619,-71.079919,81,174,2,6.8,412,1
run_005,T3,S001,S002,42.360921,-70.976178,42.376346,-71.070955,102,153,1,10.66,163,0
run_005,T1,S002,S003,42.315759,-71.045653,42.36826,-71.031553,91,64,2,6.03,170,0
run_005,T2,S003,S004,42.391639,-70.946465,42.369093,-71.047589,87,146,2,11.5,470,0
run_005,T3,S004,S005,42.435489,-71.039898,42.342624,-71.018543,87,190,1,10.58,218,0
run_005,T1,S005,S006,42.321029,-71.169826,42.362758,-70.934716,185,54,1,26.51,216,1
run_005,T2,S006,S007,42.397849,-71.106108,42.40348,-70.992218,85,75,2,12.66,358,0
run_005,T3,S007,S008,42.419099,-71.042091,42.354401,-71.043679,183,72,1,7.18,362,1
run_005,T1,S008,S009,42.400684,-71.135058,42.346558,-71.081993,153,109,1,8.41,230,0
run_005,T2,S009,S010,42.36547,-71.023712,42.38405,-71.048806,121,176,1,3.47,165,0
run_005,T3,S010,S011,42.329868,-70.994908,42.328629,-71.084769,106,50,2,9.98,378,0
run_005,T1,S011,S012,42.307268,-71.096474,42.28083,-70.989226,102,186,1,12.26,261,0
run_005,T2,S012,S013,42.309395,-71.142743,42.401159,-71.056334,179,184,3,13.99,269,1
run_005,T3,S013,S014,42.402026,-71.061925,42.337826,-71.055867,74,137,3,7.16,220,0
run_005,T1,S014,S015,42.414023,-71.152245,42.30914,-71.034167,133,154,1,17.53,236,0
run_005,T2,S015,S016,42.415366,-71.051202,42.293019,-71.052555,120,50,1,13.58,283,1
run_005,T3,S016,S017,42.360696,-71.061206,42.369904,-71.067218,81,78,2,1.22,364,0
run_005,T1,S017,S018,42.358362,-71.087171,42.324358,-71.054678,127,164,2,5.22,234,0
run_005,T2,S018,S019,42.481492,-70.962513,42.331812,-71.23841,112,181,1,34.84,444,0
run_005,T3,S019,S020,42.331614,-71.071076,42.318567,-71.013918,159,173,2,6.51,146,1
run_006,T1,S020,S021,42.347159,-71.008786,42.278874,-71.042951,121,103,2,8.48,308,1
run_006,T2,S021,S022,42.333774,-71.035531,42.298894,-71.02435,84,145,3,4.07,147,0
run_006,T3,S022,S023,42.395548,-71.037787,42.341952,-71.002034,191,104,2,7.15,66,1
run_006,T1,S023,S024,42.428158,-71.021504,42.376516,-71.0165,131,51,2,5.76,444,1
run_006,T2,S024,S025,42.333864,-71.00755,42.324783,-71.130423,168,189,1,13.68,79,0
run_006,T3,S025,S026,42.295979,-70.97226,42.255904,-70.975177,148,135,3,4.46,423,1
run_006,T1,S026,S027,42.408591,-71.061548,42.343214,-70.992698,164,63,2,10.54,68,1
run_006,T2,S027,S028,42.467762,-71.026387,42.328857,-71.080907,53,78,3,16.56,168,0
run_006,T3,S028,S029,42.415151,-71.002429,42.366032,-70.994395,91,149,3,5.52,100,1
run_006,T1,S029,S030,42.380413,-71.145129,42.411458,-71.03637,136,166,3,12.55,421,1
run_006,T2,S030,S031,42.338789,-71.09231,42.405569,-71.105827,147,61,1,7.56,296,1
run_006,T3,S031,S032,42.309812,-71.034485,42.352095,-71.01967,171,95,1,4.97,123,0
run_006,T1,S032,S033,42.37858,-71.06592,42.34875,-70.99962,162,88,1,8.07,291,0
run_006,T2,S033,S034,42.31253,-70.928381,42.384666,-71.050758,118,105,3,15.77,348,1
run_006,T3,S034,S035,42.374888,-71.145977,42.374178,-71.074031,130,158,3,7.99,260,1
run_006,T1,S035,S036,42.342391,-71.047874,42.368992,-71.076743,110,153,1,4.36,101,0
run_006,T2,S036,S037,42.320152,-71.063789,42.344611,-71.092945,98,66,3,4.22,389,0
run_006,T3,S037,S038,42.370875,-70.962706,42.394581,-70.995693,130,167,2,4.51,257,0
run_006,T1,S038,S039,42.427742,-71.008568,42.367247,-71.079124,81,59,1,10.32,75,0
run_006,T2,S039,S040,42.400924,-71.053308,42.382332,-71.070664,108,131,2,2.82,282,1
run_007,T3,S040,S041,42.361416,-71.058512,42.406914,-71.085802,66,63,2,5.89,218,1
run_007,T1,S041,S042,42.405113,-71.160596,42.410944,-71.062506,157,88,2,10.91,74,0
run_007,T2,S042,S043,42.368771,-70.99057,42.421508,-71.018197,65,157,1,6.61,441,1
run_007,T3,S043,S044,42.305295,-71.178581,42.338117,-71.119317,145,172,3,7.52,98,0
run_007,T1,S044,S045,42.489885,-71.092519,42.326115,-71.136062,152,133,1,18.81,448,1
run_007,T2,S045,S046,42.266933,-71.074987,42.382728,-71.022798,86,122,1,14.1,458,0
run_007,T3,S046,S047,42.437525,-71.109918,42.409216,-71.070699,95,137,1,5.37,70,0
run_007,T1,S047,S048,42.355145,-71.057284,42.416909,-71.076579,103,166,1,7.18,302,0
run_007,T2,S048,S049,42.281502,-71.056302,42.334123,-71.089946,52,169,2,6.93,321,1
run_007,T3,S049,S000,42.385764,-71.000291,42.364827,-71.134992,69,171,2,15.13,300,0
run_007,T1,S000,S001,42.34133,-71.118679,42.399795,-71.007573,52,62,2,13.94,179,0
run_007,T2,S001,S002,42.247717,-71.103919,42.35095,-71.148093,125,58,3,12.46,99,1
run_007,T3,S002,S003,42.366258,-71.048518,42.311719,-71.102671,87,121,3,8.53,310,1
run_007,T1,S003,S004,42.358344,-70.970272,42.334119,-71.048811,130,163,1,9.12,99,0
run_007,T2,S004,S005,42.362164,-71.008476,42.367568,-71.01686,89,147,1,1.11,99,1
run_007,T3,S005,S006,42.27803,-71.036873,42.372001,-71.044722,141,146,1,10.47,118,0
run_007,T1,S006,S007,42.380281,-71.02425,42.385121,-71.017128,149,56,1,0.96,192,1
run_007,T2,S007,S008,42.341484,-71.101678,42.325523,-71.035252,149,51,3,7.58,265,1
run_007,T3,S008,S009,42.319461,-71.016887,42.392627,-71.154627,153,147,2,17.31,247,1
run_007,T1,S009,S010,42.340453,-71.093522,42.357679,-71.076496,112,109,2,2.69,394,0
run_008,T2,S010,S011,42.368777,-71.039574,42.350681,-71.080233,66,61,2,4.94,465,0
run_008,T3,S011,S012,42.3483,-70.96766,42.330673,-70.96446,174,56,1,1.99,88,1
run_008,T1,S012,S013,42.438276,-71.063288,42.33224,-70.965942,78,53,2,15.98,158,0
run_008,T2,S013,S014,42.298507,-71.068887,42.392432,-71.010635,165,81,1,12.27,189,1
run_008,T3,S014,S015,42.323828,-71.023443,42.381542,-71.047835,150,133,1,6.95,321,0
run_008,T1,S015,S016,42.342816,-70.98254,42.304171,-71.118567,64,113,2,15.7,340,1
run_008,T2,S016,S017,42.385121,-70.973958,42.485777,-71.142821,109,194,2,21.82,152,0
run_008,T3,S017,S018,42.395386,-71.023873,42.382996,-71.029624,180,142,2,1.52,240,0
run_008,T1,S018,S019,42.351919,-71.127064,42.288694,-71.029692,58,112,1,12.89,273,1
run_008,T2,S019,S020,42.28043,-71.031765,42.32827,-71.010212,121,70,1,5.82,333,0
run_008,T3,S020,S021,42.313149,-70.97906,42.420758,-71.022896,151,185,2,12.9,326,0
run_008,T1,S021,S022,42.311651,-71.062386,42.35982,-71.117918,135,141,1,8.16,207,0
run_008,T2,S022,S023,42.419171,-71.093035,42.411157,-71.055421,126,165,1,4.27,213,0
run_008,T3,S023,S024,42.309919,-71.074055,42.449884,-71.027958,192,155,1,16.36,434,0
run_008,T1,S024,S025,42.377595,-71.053361,42.445085,-70.990843,90,163,1,10.21,263,0
run_008,T2,S025,S026,42.379663,-71.025928,42.331027,-71.00555,176,56,1,5.85,143,0
run_008,T3,S026,S027,42.467794,-71.001388,42.354959,-70.985072,176,90,3,12.65,247,0
run_008,T1,S027,S028,42.341524,-71.049773,42.308421,-71.086465,168,102,2,5.49,242,0
run_008,T2,S028,S029,42.3853,-71.159871,42.317831,-71.060677,84,142,1,13.32,266,0
run_008,T3,S029,S030,42.347131,-71.143429,42.379961,-71.02764,73,197,1,13.36,352,0
run_009,T1,S030,S031,42.298712,-71.133219,42.371223,-71.007645,166,147,1,16.1,287,0
run_009,T2,S031,S032,42.278352,-71.088638,42.400025,-71.051036,61,180,1,14.14,296,1
run_009,T3,S032,S033,42.422316,-71.066341,42.397465,-71.095864,149,136,2,4.28,357,0
run_009,T1,S033,S034,42.37619,-71.074574,42.277475,-71.062521,109,174,2,11.04,170,0
run_009,T2,S034,S035,42.437113,-70.969775,42.325713,-71.046224,194,172,1,15.0,404,1
run_009,T3,S035,S036,42.295266,-71.001959,42.336615,-71.042675,94,96,1,6.44,346,0
run_009,T1,S036,S037,42.363841,-71.12415,42.409813,-71.084688,50,182,1,6.73,335,0
run_009,T2,S037,S038,42.389388,-71.054242,42.322899,-71.125233,77,170,1,10.8,166,1
run_009,T3,S038,S039,42.402354,-70.998875,42.420725,-71.064476,93,105,2,7.56,215,0
run_009,T1,S039,S040,42.368695,-71.005528,42.334178,-71.057788,127,179,1,6.95,352,1
run_009,T2,S040,S041,42.353454,-71.111748,42.3505,-71.03758,61,69,1,8.24,240,0
run_009,T3,S041,S042,42.458583,-71.070657,42.363388,-71.039994,87,133,2,11.1,210,0
run_009,T1,S042,S043,42.313077,-71.027787,42.373828,-71.092536,145,151,2,9.86,64,0
run_009,T2,S043,S044,42.354858,-71.06134,42.393423,-71.085845,96,162,3,5.07,135,0
run_009,T3,S044,S045,42.369914,-71.07298,42.369032,-71.022413,80,191,3,5.61,112,0
run_009,T1,S045,S046,42.401959,-70.969231,42.310499,-71.082,112,122,1,16.12,220,1
run_009,T2,S046,S047,42.410257,-71.072619,42.37703,-70.988241,117,147,2,10.07,440,1
run_009,T3,S047,S048,42.405074,-71.066943,42.34179,-71.022356,158,124,2,8.59,188,1
run_009,T1,S048,S049,42.366025,-71.111434,42.296099,-71.142187,198,196,3,8.48,375,0
run_009,T2,S049,S000,42.47061,-71.004401,42.252439,-70.971585,151,60,2,24.49,414,0
run_010,T3,S000,S001,42.382555,-71.11245,42.360139,-70.978979,134,75,3,15.02,387,1
run_010,T1,S001,S002,42.23503,-70.945453,42.290521,-71.14227,86,93,3,22.7,287,1
run_010,T2,S002,S003,42.429214,-71.031805,42.389738,-71.017329,172,70,1,4.67,466,0
run_010,T3,S003,S004,42.405831,-71.067987,42.300665,-70.983463,117,70,1,14.98,200,0
run_010,T1,S004,S005,42.322302,-71.074034,42.275352,-71.064917,101,76,3,5.31,216,0
run_010,T2,S005,S006,42.368995,-70.9904,42.405916,-71.138525,195,51,1,16.94,136,0
run_010,T3,S006,S007,42.310876,-71.071232,42.387503,-71.108417,123,88,1,9.45,456,0
run_010,T1,S007,S008,42.330938,-71.104775,42.33166,-71.033584,85,133,2,7.9,433,0
run_010,T2,S008,S009,42.371196,-70.991793,42.366261,-71.08147,172,190,1,9.97,434,0
run_010,T3,S009,S010,42.372375,-70.947477,42.426263,-71.038899,64,59,2,11.78,437,0
run_010,T1,S010,S011,42.396987,-71.072687,42.375837,-70.984517,140,86,2,10.06,127,0
run_010,T2,S011,S012,42.400145,-71.088022,42.450979,-71.10141,195,196,2,5.83,223,0
run_010,T3,S012,S013,42.34776,-71.116375,42.337643,-71.089303,157,168,1,3.21,208,0
run_010,T1,S013,S014,42.421229,-70.97883,42.283153,-71.046612,127,126,2,17.07,313,0
run_010,T2,S014,S015,42.338259,-71.094544,42.443614,-71.013853,91,167,1,14.73,184,0
run_010,T3,S015,S016,42.408819,-71.004798,42.375134,-71.086707,91,81,2,9.83,226,0
run_010,T1,S016,S017,42.322568,-71.016595,42.416535,-70.974215,122,185,1,11.44,412,0
run_010,T2,S017,S018,42.327536,-71.121197,42.361704,-71.098499,179,54,1,4.55,86,0
run_010,T3,S018,S019,42.292732,-71.018799,42.444482,-71.016471,93,174,3,16.85,117,0
run_010,T1,S019,S020,42.421383,-71.120482,42.443629,-71.039049,79,165,2,9.37,323,0
run_011,T2,S020,S021,42.318752,-71.051928,42.365525,-71.041102,96,104,2,5.33,267,0
run_011,T3,S021,S022,42.2822,-71.151095,42.243221,-71.084965,72,141,3,8.52,174,0
run_011,T1,S022,S023,42.36365,-71.020996,42.363759,-70.998647,199,81,1,2.48,220,0
run_011,T2,S023,S024,42.367771,-70.936713,42.34546,-71.080391,115,154,2,16.14,400,0
run_011,T3,S024,S025,42.298984,-71.095934,42.425504,-71.058042,104,55,3,14.66,478,0
run_011,T1,S025,S026,42.378265,-70.989896,42.260303,-70.999083,61,98,1,13.13,101,0
run_011,T2,S026,S027,42.469595,-71.025967,42.378653,-70.959903,183,116,1,12.48,395,0
run_011,T3,S027,S028,42.388906,-71.08612,42.338294,-71.087189,69,59,1,5.62,84,1
run_011,T1,S028,S029,42.323891,-70.928539,42.405619,-71.139886,114,159,1,25.15,395,0
run_011,T2,S029,S030,42.327479,-71.033515,42.233714,-71.056802,74,190,3,10.72,176,0
run_011,T3,S030,S031,42.356974,-71.112585,42.280937,-71.058194,61,81,1,10.38,187,0
run_011,T1,S031,S032,42.26988,-71.092326,42.215586,-71.045337,109,183,3,7.97,219,1
run_011,T2,S032,S033,42.387006,-71.124125,42.311674,-71.03914,54,59,2,12.61,404,0
run_011,T3,S033,S034,42.367433,-71.076854,42.32933,-71.075123,129,193,1,4.23,311,1
run_011,T1,S034,S035,42.436059,-70.992586,42.32335,-71.097165,173,101,1,17.07,280,0
run_011,T2,S035,S036,42.384976,-70.945566,42.307801,-71.070448,165,111,1,16.3,315,0
run_011,T3,S036,S037,42.334645,-71.118552,42.42039,-71.075833,135,182,1,10.63,242,1
run_011,T1,S037,S038,42.331174,-71.189552,42.332688,-71.04041,182,114,3,16.56,72,0
run_011,T2,S038,S039,42.359235,-71.031035,42.365979,-71.108653,198,101,3,8.65,315,1
run_011,T3,S039,S040,42.358635,-71.106663,42.337836,-71.10424,131,91,1,2.32,80,0
run_012,T1,S040,S041,42.374572,-71.096534,42.35011,-71.078988,107,70,2,3.34,343,0
run_012,T2,S041,S042,42.430528,-70.999276,42.373827,-71.020025,128,194,3,6.7,402,0
run_012,T3,S042,S043,42.300435,-71.056866,42.364432,-70.973894,150,57,2,11.63,392,0
run_012,T1,S043,S044,42.414653,-71.031232,42.238305,-71.050712,159,188,3,19.69,458,0
run_012,T2,S044,S045,42.306167,-71.148932,42.42276,-71.050579,57,113,3,16.93,197,0
run_012,T3,S045,S046,42.390357,-70.994442,42.297371,-71.085123,98,85,1,14.42,441,0
run_012,T1,S046,S047,42.349433,-71.06587,42.358642,-71.031285,163,59,2,3.97,208,0
run_012,T2,S047,S048,42.356347,-71.113351,42.358161,-71.110761,144,193,1,0.35,347,0
run_012,T3,S048,S049,42.306319,-71.041786,42.318548,-71.049915,108,127,2,1.63,183,0
run_012,T1,S049,S000,42.304276,-71.078449,42.375752,-71.068319,81,162,3,8.01,435,0
run_012,T2,S000,S001,42.397309,-71.07801,42.375117,-71.142962,198,190,1,7.62,208,1
run_012,T3,S001,S002,42.295322,-71.048293,42.35265,-71.078223,199,138,1,7.18,81,0
run_012,T1,S002,S003,42.446495,-71.04499,42.376125,-71.094117,76,99,1,9.53,154,1
run_012,T2,S003,S004,42.300195,-71.061987,42.311313,-71.148631,146,52,2,9.7,250,0
run_012,T3,S004,S005,42.368133,-71.102815,42.35107,-71.009123,185,155,1,10.57,245,1
run_012,T1,S005,S006,42.349549,-71.102526,42.330974,-71.030571,59,198,1,8.25,443,0
run_012,T2,S006,S007,42.381656,-71.000648,42.310646,-70.985663,186,135,1,8.06,293,0
run_012,T3,S007,S008,42.320755,-71.027586,42.353953,-71.039023,124,193,1,3.9,302,0
run_012,T1,S008,S009,42.354697,-70.9989,42.306437,-71.059707,160,174,2,8.62,191,0
run_012,T2,S009,S010,42.389453,-71.043064,42.275058,-70.98714,103,152,2,14.13,464,1
run_013,T3,S010,S011,42.33919,-71.119039,42.409024,-71.072794,63,52,2,9.3,275,0
run_013,T1,S011,S012,42.349013,-71.075841,42.34779,-71.054459,73,131,3,2.38,462,0
run_013,T2,S012,S013,42.398918,-71.087559,42.31909,-71.060169,199,158,1,9.37,135,0
run_013,T3,S013,S014,42.394819,-71.012235,42.36442,-70.986123,143,162,3,4.45,242,0
run_013,T1,S014,S015,42.328083,-71.125569,42.398655,-71.015889,167,94,1,14.48,220,0
run_013,T2,S015,S016,42.45309,-71.113835,42.342519,-71.046917,96,127,2,14.35,183,0
run_013,T3,S016,S017,42.419932,-71.156868,42.297333,-71.042568,110,187,2,18.61,109,0
run_013,T1,S017,S018,42.385587,-71.102767,42.444349,-70.976303,130,158,3,15.48,110,0
run_013,T2,S018,S019,42.411648,-71.069747,42.341558,-71.039911,98,198,1,8.46,133,0
run_013,T3,S019,S020,42.367819,-71.043401,42.335662,-71.052908,88,178,2,3.72,339,0
run_013,T1,S020,S021,42.405009,-71.021095,42.377739,-71.114893,106,80,1,10.84,143,0
run_013,T2,S021,S022,42.377674,-71.053925,42.311181,-71.104623,63,169,2,9.28,453,0
run_013,T3,S022,S023,42.405679,-71.100159,42.434634,-71.073556,93,122,2,4.36,360,0
run_013,T1,S023,S024,42.412653,-70.958335,42.294312,-71.114765,56,119,3,21.77,186,0
run_013,T2,S024,S025,42.399348,-71.104557,42.306845,-71.053096,198,169,2,11.75,443,0
run_013,T3,S025,S026,42.354776,-70.942221,42.318113,-71.02946,98,196,1,10.5,430,1
run_013,T1,S026,S027,42.364,-71.042605,42.319579,-71.075763,166,176,2,6.15,386,1
run_013,T2,S027,S028,42.3835,-70.964264,42.410603,-71.174207,135,66,2,23.5,157,1
run_013,T3,S028,S029,42.355868,-71.101451,42.296683,-71.062899,51,71,2,7.84,171,0
run_013,T1,S029,S030,42.349957,-71.067085,42.353841,-71.004037,135,125,1,7.01,403,0
run_014,T2,S030,S031,42.344888,-71.048824,42.363619,-71.06109,112,98,2,2.49,91,0
run_014,T3,S031,S032,42.324548,-71.085522,42.418097,-71.098418,192,169,2,10.48,291,1
run_014,T1,S032,S033,42.341976,-71.034429,42.375874,-71.061596,75,162,2,4.82,125,1
run_014,T2,S033,S034,42.356948,-71.096793,42.364167,-71.015936,55,72,1,9.01,148,0
run_014,T3,S034,S035,42.319332,-71.070264,42.29213,-71.073139,61,123,3,3.04,67,1
run_014,T1,S035,S036,42.405961,-71.093407,42.453665,-71.005998,104,186,2,11.05,106,1
run_014,T2,S036,S037,42.22202,-71.006831,42.29856,-71.049363,129,180,1,9.72,424,0
run_014,T3,S037,S038,42.346723,-71.035829,42.332675,-71.085786,150,173,1,5.76,235,0
run_014,T1,S038,S039,42.350024,-71.118159,42.32321,-71.049816,81,186,1,8.15,71,1
run_014,T2,S039,S040,42.317033,-71.002881,42.359546,-71.044844,70,62,1,6.63,221,0
run_014,T3,S040,S041,42.300549,-71.072763,42.361636,-71.073346,146,74,1,6.78,463,1
run_014,T1,S041,S042,42.319731,-71.030178,42.373549,-71.04479,183,109,1,6.19,436,0
run_014,T2,S042,S043,42.425856,-71.065903,42.253907,-71.090391,180,125,1,19.28,345,0
run_014,T3,S043,S044,42.387291,-71.101994,42.331736,-71.080535,90,100,2,6.61,397,0
run_014,T1,S044,S045,42.39818,-70.997147,42.284078,-70.997807,118,157,1,12.67,198,0
run_014,T2,S045,S046,42.33615,-71.026677,42.344121,-71.093773,96,197,1,7.5,183,0
run_014,T3,S046,S047,42.348787,-71.089709,42.343201,-71.038364,192,70,1,5.73,286,0
run_014,T1,S047,S048,42.334843,-70.9878,42.377131,-71.048997,194,88,1,8.26,452,0
run_014,T2,S048,S049,42.391736,-71.004515,42.380491,-71.072063,140,147,2,7.6,435,0
run_014,T3,S049,S000,42.294317,-71.088963,42.312407,-71.075181,196,79,2,2.52,393,0
run_015,T1,S000,S001,42.341117,-71.06082,42.339719,-71.06337,151,199,1,0.32,142,1
run_015,T2,S001,S002,42.402171,-71.035239,42.361943,-71.052284,122,173,1,4.85,434,1
run_015,T3,S002,S003,42.469976,-71.033398,42.286415,-71.073109,110,79,2,20.85,324,0
run_015,T1,S003,S004,42.359029,-71.075159,42.399997,-71.140816,127,90,3,8.59,255,0
run_015,T2,S004,S005,42.342145,-71.020281,42.387958,-70.947356,111,162,3,9.56,217,0
run_015,T3,S005,S006,42.278699,-71.084793,42.37767,-70.990342,198,118,2,15.19,363,0
run_015,T1,S006,S007,42.377377,-71.001825,42.373258,-71.027903,114,57,2,2.93,360,1
run_015,T2,S007,S008,42.334104,-71.047948,42.356209,-71.016225,64,154,2,4.29,206,1
run_015,T3,S008,S009,42.353128,-71.012356,42.440614,-70.994254,69,181,2,9.92,370,0
run_015,T1,S009,S010,42.311725,-71.058492,42.347171,-71.180138,135,140,1,14.06,420,0
run_015,T2,S010,S011,42.474544,-71.054648,42.354723,-71.069218,194,110,2,13.4,327,0
run_015,T3,S011,S012,42.400328,-71.049698,42.350742,-71.13964,142,158,2,11.4,300,0
run_015,T1,S012,S013,42.331869,-70.946088,42.295603,-71.191572,190,98,2,27.54,361,1
run_015,T2,S013,S014,42.335752,-71.021228,42.240782,-71.132057,111,155,3,16.2,422,0
run_015,T3,S014,S015,42.330961,-71.017314,42.366607,-70.993469,108,90,2,4.76,98,0
run_015,T1,S015,S016,42.45506,-71.063033,42.32458,-71.135686,157,68,3,16.58,391,0
run_015,T2,S016,S017,42.377192,-71.021555,42.402075,-71.118272,94,139,2,11.09,162,0
run_015,T3,S017,S018,42.400535,-71.033241,42.400932,-71.12025,176,131,3,9.66,206,1
run_015,T1,S018,S019,42.416602,-70.950045,42.349739,-71.017106,192,90,1,10.51,317,0
run_015,T2,S019,S020,42.42132,-71.002145,42.418809,-71.146699,59,191,1,16.05,269,1
run_016,T3,S020,S021,42.344937,-71.075867,42.426574,-71.02191,142,180,2,10.86,459,1
run_016,T1,S021,S022,42.375847,-70.964953,42.318202,-71.065144,150,111,2,12.83,108,0
run_016,T2,S022,S023,42.351268,-71.134251,42.412397,-71.07677,148,168,2,9.31,132,0
run_016,T3,S023,S024,42.410029,-71.093531,42.429623,-71.072502,128,90,2,3.19,122,0
run_016,T1,S024,S025,42.356086,-71.07728,42.429854,-70.905642,56,105,1,20.74,380,0
run_016,T2,S025,S026,42.31178,-71.081508,42.362479,-71.068067,175,188,2,5.82,364,0
run_016,T3,S026,S027,42.421106,-71.054441,42.435732,-70.958216,80,181,2,10.8,172,1
run_016,T1,S027,S028,42.357701,-71.117333,42.360275,-71.083785,124,94,3,3.73,319,0
run_016,T2,S028,S029,42.354286,-71.067865,42.352574,-71.023181,100,99,2,4.96,321,0
run_016,T3,S029,S030,42.34706,-70.980068,42.388046,-71.074774,174,86,3,11.45,229,0
run_016,T1,S030,S031,42.336261,-71.174336,42.366288,-71.06071,162,78,1,13.05,136,1
run_016,T2,S031,S032,42.306237,-71.043508,42.491646,-71.15028,158,135,2,23.75,368,0
run_016,T3,S032,S033,42.349042,-70.998614,42.30683,-71.10367,100,134,1,12.57,442,0
run_016,T1,S033,S034,42.261035,-71.022604,42.306363,-71.048038,190,160,2,5.77,413,0
run_016,T2,S034,S035,42.233486,-71.0743,42.415048,-70.962083,68,134,1,23.69,67,1
run_016,T3,S035,S036,42.358493,-71.088385,42.283774,-71.047954,113,140,1,9.43,176,0
run_016,T1,S036,S037,42.275572,-71.002892,42.332728,-71.062452,188,54,1,9.16,243,0
run_016,T2,S037,S038,42.391079,-71.078481,42.378855,-71.061463,101,145,3,2.33,129,0
run_016,T3,S038,S039,42.271348,-70.996904,42.314713,-71.092688,192,131,3,11.67,151,0
run_016,T1,S039,S040,42.386056,-71.027739,42.38778,-71.055521,97,122,2,3.09,387,0
run_017,T2,S040,S041,42.350255,-71.003311,42.389678,-71.207019,80,163,3,23.03,81,0
run_017,T3,S041,S042,42.416206,-71.012624,42.321356,-71.039647,175,70,2,10.95,263,1
run_017,T1,S042,S043,42.328664,-71.01688,42.407656,-71.034346,120,79,2,8.98,194,1
run_017,T2,S043,S044,42.353814,-71.077824,42.32931,-71.050536,190,185,1,4.07,448,0
run_017,T3,S044,S045,42.383336,-71.035702,42.377459,-71.026448,153,72,3,1.22,324,0
run_017,T1,S045,S046,42.312009,-71.011247,42.383516,-71.152792,191,83,1,17.6,104,1
run_017,T2,S046,S047,42.36151,-71.02957,42.336837,-71.070972,168,173,2,5.35,203,1
run_017,T3,S047,S048,42.3017,-71.063572,42.409066,-70.998214,83,88,3,13.95,451,0
run_017,T1,S048,S049,42.320553,-71.083541,42.417515,-71.046008,194,62,3,11.54,80,0
run_017,T2,S049,S000,42.339677,-71.129143,42.324915,-71.030821,72,81,1,11.04,133,0
run_017,T3,S000,S001,42.450026,-70.998053,42.370483,-71.084582,63,159,2,13.05,112,1
run_017,T1,S001,S002,42.371829,-70.991515,42.302219,-71.056737,57,61,1,10.59,178,0
run_017,T2,S002,S003,42.387811,-71.019388,42.327154,-71.136918,142,67,3,14.68,155,1
run_017,T3,S003,S004,42.40425,-71.049547,42.311647,-70.938112,183,118,1,16.08,436,0
run_017,T1,S004,S005,42.351528,-71.05252,42.41348,-71.050519,149,131,3,6.88,458,1
run_017,T2,S005,S006,42.354382,-71.027937,42.390164,-71.068482,194,109,1,6.0,276,0
run_017,T3,S006,S007,42.386112,-71.10082,42.369575,-71.056581,157,60,2,5.24,332,1
run_017,T1,S007,S008,42.379885,-71.052112,42.350733,-71.147053,189,86,1,11.02,357,0
run_017,T2,S008,S009,42.359825,-71.1085,42.409154,-71.075436,148,96,2,6.59,205,0
run_017,T3,S009,S010,42.423535,-71.028459,42.370996,-71.126305,149,80,2,12.33,445,1
run_018,T1,S010,S011,42.39111,-71.116942,42.411956,-71.063788,149,158,1,6.34,402,1
run_018,T2,S011,S012,42.282312,-71.019106,42.37882,-71.105103,67,52,2,14.35,87,1
run_018,T3,S012,S013,42.342829,-70.961765,42.31959,-71.052284,62,106,1,10.37,108,0
run_018,T1,S013,S014,42.362046,-71.110109,42.397041,-71.085661,95,62,1,4.74,224,0
run_018,T2,S014,S015,42.368824,-71.055884,42.392952,-71.073776,165,73,1,3.33,88,1
run_018,T3,S015,S016,42.386903,-71.062084,42.460895,-71.049184,133,168,3,8.34,215,0
run_018,T1,S016,S017,42.316707,-71.095962,42.321843,-71.053212,183,184,1,4.78,283,0
run_018,T2,S017,S018,42.409043,-71.097111,42.251922,-71.047221,175,61,1,18.3,75,0
run_018,T3,S018,S019,42.454118,-71.020684,42.411384,-71.053445,100,124,2,5.98,323,0
run_018,T1,S019,S020,42.393511,-71.026152,42.246325,-71.106814,181,153,3,18.63,254,1
run_018,T2,S020,S021,42.375603,-71.052503,42.329003,-70.939631,173,53,3,13.55,149,0
run_018,T3,S021,S022,42.466322,-71.038351,42.402,-70.960921,71,66,2,11.17,118,1
run_018,T1,S022,S023,42.398417,-70.987607,42.303143,-71.10697,153,117,3,16.95,410,0
run_018,T2,S023,S024,42.301499,-71.017572,42.391926,-71.071838,106,96,2,11.71,218,0
run_018,T3,S024,S025,42.344008,-71.052412,42.318243,-70.955523,103,64,1,11.13,283,0
run_018,T1,S025,S026,42.46118,-71.05966,42.350498,-71.077872,135,127,1,12.45,261,0
run_018,T2,S026,S027,42.351491,-71.125703,42.41436,-71.050908,57,157,1,10.85,220,0
run_018,T3,S027,S028,42.241217,-71.030088,42.321916,-71.044506,117,148,2,9.1,311,0
run_018,T1,S028,S029,42.362398,-71.043408,42.338811,-71.140868,68,104,1,11.13,417,1
run_018,T2,S029,S030,42.368137,-71.057931,42.387435,-71.089057,108,174,3,4.07,413,1
run_019,T3,S030,S031,42.318169,-70.980839,42.412499,-71.075889,145,143,1,14.86,380,0
run_019,T1,S031,S032,42.434293,-71.071029,42.375301,-71.007267,123,85,3,9.64,160,0
run_019,T2,S032,S033,42.404729,-71.165833,42.335502,-71.03657,104,140,1,16.28,337,1
run_019,T3,S033,S034,42.338164,-71.063307,42.464986,-71.072351,59,58,2,14.11,307,0
run_019,T1,S034,S035,42.534794,-71.13317,42.472838,-71.075371,197,166,2,9.41,153,1
run_019,T2,S035,S036,42.266673,-71.009624,42.325769,-71.020469,140,131,1,6.67,383,0
run_019,T3,S036,S037,42.319801,-71.022696,42.305727,-71.024579,117,188,3,1.58,371,0
run_019,T1,S037,S038,42.387462,-70.928289,42.319745,-71.012106,96,120,1,11.96,213,0
run_019,T2,S038,S039,42.350544,-71.013917,42.353623,-70.984442,192,165,3,3.29,168,1
run_019,T3,S039,S040,42.29738,-71.041818,42.404344,-71.081038,117,171,1,12.65,330,0
run_019,T1,S040,S041,42.354551,-71.008302,42.327352,-70.999331,53,116,1,3.18,349,1
run_019,T2,S041,S042,42.365474,-71.007374,42.331356,-71.143331,118,144,1,15.56,313,0
run_019,T3,S042,S043,42.443461,-70.93828,42.327509,-71.053302,119,150,3,18.13,372,0
run_019,T1,S043,S044,42.305638,-71.114291,42.393969,-71.11744,190,136,3,9.81,373,0
run_019,T2,S044,S045,42.306885,-71.119914,42.40318,-71.031018,175,172,2,14.55,106,1
run_019,T3,S045,S046,42.330124,-70.988882,42.446945,-71.011057,108,80,2,13.2,261,0
run_019,T1,S046,S047,42.272581,-71.053345,42.343761,-70.94498,66,117,2,14.39,107,0
run_019,T2,S047,S048,42.412597,-71.109903,42.340801,-71.04749,114,100,2,10.56,351,0
run_019,T3,S048,S049,42.35757,-71.037569,42.34226,-71.078915,172,50,3,4.89,466,1
run_019,T1,S049,S000,42.349754,-71.063394,42.392091,-71.115693,52,130,2,7.47,122,0
run_020,T2,S000,S001,42.396869,-71.002943,42.441707,-71.167168,130,64,3,18.9,159,1
run_020,T3,S001,S002,42.394777,-71.017545,42.345302,-71.06358,165,127,1,7.5,373,1
run_020,T1,S002,S003,42.41377,-71.041844,42.366586,-71.104943,132,183,3,8.75,436,0
run_020,T2,S003,S004,42.47449,-70.963622,42.271082,-71.092747,129,183,1,26.74,72,0
run_020,T3,S004,S005,42.369358,-71.048504,42.412706,-70.985321,51,169,2,8.51,81,0
run_020,T1,S005,S006,42.412997,-71.02915,42.394178,-71.128298,163,65,1,11.2,142,0
run_020,T2,S006,S007,42.292726,-71.025897,42.340384,-71.081126,61,175,2,8.1,112,0
run_020,T3,S007,S008,42.308531,-71.127634,42.283882,-71.004366,106,127,1,13.95,128,0
run_020,T1,S008,S009,42.33321,-71.145368,42.304174,-70.998209,96,82,2,16.65,200,0
run_020,T2,S009,S010,42.395046,-71.017242,42.373192,-71.078019,177,103,2,7.17,307,0
run_020,T3,S010,S011,42.358636,-71.073363,42.379409,-71.058064,131,120,2,2.86,446,0
run_020,T1,S011,S012,42.355828,-71.132482,42.313907,-71.110198,123,71,2,5.27,213,0
run_020,T2,S012,S013,42.323913,-71.051159,42.332666,-71.073583,157,196,1,2.67,143,0
run_020,T3,S013,S014,42.365731,-71.103795,42.428727,-71.012236,183,76,2,12.34,325,0
run_020,T1,S014,S015,42.457434,-71.087926,42.398898,-70.93381,108,51,2,18.3,472,1
run_020,T2,S015,S016,42.467767,-71.108878,42.287774,-70.988483,77,162,2,24.04,360,0
run_020,T3,S016,S017,42.283445,-71.034287,42.388603,-71.06311,122,95,3,12.1,165,1
run_020,T1,S017,S018,42.31843,-71.025121,42.35875,-70.954716,76,103,1,9.01,237,0
run_020,T2,S018,S019,42.371265,-71.078476,42.353426,-71.018698,64,181,2,6.92,152,1
run_020,T3,S019,S020,42.219003,-71.030878,42.458267,-71.033011,88,162,2,26.56,304,0
run_021,T1,S020,S021,42.377959,-71.031603,42.32507,-71.103526,83,89,1,9.91,262,0
run_021,T2,S021,S022,42.445251,-71.07504,42.440749,-71.010145,131,143,3,7.22,363,0
run_021,T3,S022,S023,42.398409,-71.076659,42.353298,-71.180367,112,126,1,12.55,233,1
run_021,T1,S023,S024,42.376515,-71.184428,42.408878,-71.097642,122,183,2,10.28,166,0
run_021,T2,S024,S025,42.27411,-71.045757,42.400517,-71.073482,186,131,2,14.36,115,0
run_021,T3,S025,S026,42.33898,-70.991869,42.376507,-71.015282,163,156,1,4.91,96,1
run_021,T1,S026,S027,42.340178,-70.990169,42.434952,-71.059979,53,184,3,13.07,120,1
run_021,T2,S027,S028,42.336341,-71.061529,42.325952,-71.105089,52,170,2,4.97,444,0
run_021,T3,S028,S029,42.434386,-71.055736,42.400445,-71.032677,132,84,2,4.55,128,1
run_021,T1,S029,S030,42.453481,-71.159283,42.402874,-71.103331,171,101,3,8.37,403,0
run_021,T2,S030,S031,42.326596,-71.009723,42.302723,-71.128169,155,107,1,13.41,354,0
run_021,T3,S031,S032,42.323073,-71.114602,42.336265,-71.008344,167,54,1,11.89,146,0
run_021,T1,S032,S033,42.368741,-71.051767,42.34053,-70.980455,78,136,1,8.51,200,1
run_021,T2,S033,S034,42.321649,-70.986116,42.221947,-71.080835,153,134,1,15.26,193,0
run_021,T3,S034,S035,42.326185,-71.011838,42.256934,-71.032451,175,171,1,8.02,197,0
run_021,T1,S035,S036,42.415944,-70.968304,42.347258,-71.076876,60,96,1,14.26,305,0
run_021,T2,S036,S037,42.316664,-71.121288,42.382434,-70.982198,156,186,2,17.08,234,0
run_021,T3,S037,S038,42.386819,-71.041672,42.317654,-70.974008,147,190,2,10.74,305,0
run_021,T1,S038,S039,42.342058,-71.057169,42.366658,-71.044929,113,110,2,3.05,472,0
run_021,T2,S039,S040,42.377731,-71.062248,42.309133,-71.05838,75,98,1,7.63,66,0
run_022,T3,S040,S041,42.386866,-70.993282,42.380943,-71.016806,180,78,1,2.69,176,0
run_022,T1,S041,S042,42.3963,-71.107032,42.377491,-71.031149,122,169,3,8.68,371,0
run_022,T2,S042,S043,42.378605,-71.040542,42.357344,-70.998822,167,132,1,5.2,206,0
run_022,T3,S043,S044,42.319998,-71.063176,42.421872,-71.082865,177,97,2,11.52,253,0
run_022,T1,S044,S045,42.402422,-71.172344,42.329665,-71.049436,115,126,2,15.85,104,0
run_022,T2,S045,S046,42.32246,-71.064681,42.395227,-70.985512,111,181,3,11.94,119,1
run_022,T3,S046,S047,42.404853,-70.996256,42.392576,-71.116884,98,186,1,13.46,407,1
run_022,T1,S047,S048,42.321844,-71.047554,42.276976,-70.969018,107,150,2,10.04,427,0
run_022,T2,S048,S049,42.397557,-71.028796,42.302787,-71.057135,93,78,3,10.98,118,0
run_022,T3,S049,S000,42.337848,-71.083975,42.374829,-71.036841,194,193,2,6.65,274,0
run_022,T1,S000,S001,42.296918,-70.96051,42.386494,-71.039388,111,125,2,13.25,229,0
run_022,T2,S001,S002,42.442027,-71.092779,42.428469,-71.148029,106,89,2,6.31,296,0
run_022,T3,S002,S003,42.341475,-71.130278,42.360781,-71.014886,129,130,3,12.99,277,0
run_022,T1,S003,S004,42.314612,-70.984036,42.38554,-71.008471,162,177,2,8.33,121,0
run_022,T2,S004,S005,42.305403,-71.015488,42.368592,-71.032337,178,198,1,7.26,437,0
run_022,T3,S005,S006,42.404914,-71.124317,42.390701,-71.03358,72,168,1,10.19,385,0
run_022,T1,S006,S007,42.393279,-71.025134,42.327927,-71.037249,185,50,2,7.38,224,1
run_022,T2,S007,S008,42.343368,-71.035423,42.333098,-71.056654,183,105,2,2.62,425,0
run_022,T3,S008,S009,42.343528,-71.023406,42.376753,-71.044192,124,174,2,4.35,315,0
run_022,T1,S009,S010,42.390123,-71.007907,42.359341,-71.069526,144,192,1,7.65,459,0
run_023,T2,S010,S011,42.309166,-71.072204,42.358035,-71.066725,97,84,1,5.46,145,1
run_023,T3,S011,S012,42.426745,-71.028513,42.413571,-70.958998,134,174,3,7.85,197,0
run_023,T1,S012,S013,42.326707,-71.068458,42.427303,-71.020046,123,110,1,12.39,212,0
run_023,T2,S013,S014,42.384993,-71.129965,42.378382,-71.165001,108,182,2,3.96,110,1
run_023,T3,S014,S015,42.344948,-71.206448,42.353952,-71.003769,63,81,2,22.52,454,1
run_023,T1,S015,S016,42.33812,-71.007063,42.370103,-71.027381,136,108,1,4.21,404,0
run_023,T2,S016,S017,42.294416,-71.016618,42.380205,-71.111099,53,192,1,14.17,163,1
run_023,T3,S017,S018,42.340115,-70.969003,42.40763,-71.036315,191,197,2,10.58,171,0
run_023,T1,S018,S019,42.260339,-71.162517,42.38948,-71.046654,139,143,2,19.26,72,0
run_023,T2,S019,S020,42.372066,-71.117551,42.379316,-71.070224,75,124,2,5.31,423,0
run_023,T3,S020,S021,42.33671,-71.067542,42.356303,-71.082583,177,133,3,2.74,175,0
run_023,T1,S021,S022,42.400504,-71.113894,42.362086,-70.931874,137,122,2,20.65,478,0
run_023,T2,S022,S023,42.32984,-71.091826,42.403316,-70.979618,106,57,2,14.89,266,0
run_023,T3,S023,S024,42.334179,-71.069823,42.349707,-71.097329,120,157,1,3.51,117,0
run_023,T1,S024,S025,42.351161,-71.137431,42.335442,-71.074244,101,64,1,7.23,143,0
run_023,T2,S025,S026,42.356912,-71.036028,42.403726,-71.092488,159,185,2,8.14,152,0
run_023,T3,S026,S027,42.33564,-71.077596,42.3215,-71.124806,174,62,1,5.47,95,0
run_023,T1,S027,S028,42.389751,-71.087871,42.33935,-71.106335,176,137,1,5.96,442,0
run_023,T2,S028,S029,42.335558,-71.073922,42.386661,-71.017518,95,145,1,8.45,249,0
run_023,T3,S029,S030,42.371821,-71.113151,42.301716,-71.059098,148,161,2,9.83,375,0
run_024,T1,S030,S031,42.317668,-71.061233,42.265712,-71.07969,106,155,1,6.12,240,0
run_024,T2,S031,S032,42.300707,-71.176098,42.387092,-70.977942,164,194,1,23.99,458,1
run_024,T3,S032,S033,42.368698,-71.111954,42.360827,-71.077603,126,125,2,3.91,97,0
run_024,T1,S033,S034,42.338778,-71.008209,42.346344,-71.007278,88,138,1,0.85,283,0
run_024,T2,S034,S035,42.347831,-71.074992,42.455207,-70.978702,139,63,3,16.01,154,0
run_024,T3,S035,S036,42.379694,-71.064072,42.364765,-71.051473,169,102,1,2.17,281,1
run_024,T1,S036,S037,42.358471,-71.001348,42.402356,-71.069816,145,121,1,9.03,377,0
run_024,T2,S037,S038,42.342499,-71.109802,42.333384,-71.000243,125,108,2,12.2,346,0
run_024,T3,S038,S039,42.267384,-71.018228,42.36677,-71.143422,133,176,1,17.74,465,0
run_024,T1,S039,S040,42.393505,-70.991709,42.330959,-71.053477,130,178,3,9.76,458,1
run_024,T2,S040,S041,42.328186,-71.106397,42.367105,-71.031265,108,160,2,9.39,246,0
run_024,T3,S041,S042,42.397108,-71.010059,42.428606,-71.029638,194,79,2,4.12,418,1
run_024,T1,S042,S043,42.351334,-71.029635,42.349179,-70.967372,143,198,1,6.92,171,0
run_024,T2,S043,S044,42.367063,-71.166528,42.39841,-71.04923,157,102,2,13.48,443,0
run_024,T3,S044,S045,42.362817,-71.085607,42.419982,-71.070933,50,93,3,6.55,286,1
run_024,T1,S045,S046,42.32113,-71.025334,42.338583,-71.162347,185,121,2,15.33,214,0
run_024,T2,S046,S047,42.33919,-71.116503,42.337499,-70.997143,188,152,3,13.25,230,1
run_024,T3,S047,S048,42.302173,-71.029706,42.416386,-71.05107,105,183,2,12.9,401,0
run_024,T1,S048,S049,42.364903,-70.995206,42.324058,-71.02275,188,137,2,5.47,364,0
run_024,T2,S049,S000,42.298353,-71.110159,42.365998,-71.080058,66,55,1,8.22,206,0
run_025,T3,S000,S001,42.329556,-71.105841,42.429132,-70.976998,117,92,2,18.07,223,1
run_025,T1,S001,S002,42.409563,-71.008081,42.305584,-71.123969,153,77,2,17.28,444,0
run_025,T2,S002,S003,42.376438,-71.05861,42.356231,-71.024935,186,160,3,4.36,459,1
run_025,T3,S003,S004,42.309148,-71.012937,42.327781,-71.159747,83,116,2,16.43,309,1
run_025,T1,S004,S005,42.373215,-71.02374,42.320199,-71.087983,54,76,2,9.25,172,1
run_025,T2,S005,S006,42.312554,-70.972632,42.40661,-71.071828,133,189,3,15.17,191,0
run_025,T3,S006,S007,42.416781,-71.115315,42.318774,-71.090429,180,171,1,11.22,208,0
run_025,T1,S007,S008,42.421154,-71.072943,42.377625,-71.088518,165,87,2,5.13,312,0
run_025,T2,S008,S009,42.264387,-71.063432,42.291584,-70.960636,70,170,2,11.8,437,0
run_025,T3,S009,S010,42.405568,-71.054712,42.423185,-71.102316,140,67,1,5.63,208,0
run_025,T1,S010,S011,42.373201,-70.996382,42.396625,-71.045564,187,138,2,6.05,239,1
run_025,T2,S011,S012,42.353865,-71.055331,42.30349,-70.939416,105,151,1,14.03,408,0
run_025,T3,S012,S013,42.376123,-71.071153,42.394837,-71.010546,100,79,1,7.04,326,0
run_025,T1,S013,S014,42.312404,-71.056126,42.372888,-71.122088,174,171,1,9.93,153,0
run_025,T2,S014,S015,42.26461,-71.103019,42.33932,-70.965616,89,150,2,17.36,170,1
run_025,T3,S015,S016,42.306175,-71.048936,42.392225,-71.044706,128,71,2,9.56,225,0
run_025,T1,S016,S017,42.367042,-71.050515,42.300785,-71.050134,130,127,1,7.35,321,0
run_025,T2,S017,S018,42.295512,-71.046651,42.37147,-71.114057,76,62,2,11.27,300,0
run_025,T3,S018,S019,42.316501,-71.092981,42.3529,-71.097943,75,96,1,4.08,64,1
run_025,T1,S019,S020,42.305322,-71.101124,42.419386,-70.983222,181,66,3,18.21,308,0
run_026,T2,S020,S021,42.342873,-71.051477,42.311863,-71.070331,68,112,2,4.03,298,0
run_026,T3,S021,S022,42.330673,-71.048789,42.39573,-71.162497,171,93,2,14.54,419,0
run_026,T1,S022,S023,42.328159,-71.152886,42.439802,-71.077837,107,177,2,14.93,457,0
run_026,T2,S023,S024,42.314829,-71.095413,42.38331,-71.147727,193,181,2,9.57,405,0
run_026,T3,S024,S025,42.284276,-71.04392,42.447747,-71.05908,94,57,2,18.22,130,0
run_026,T1,S025,S026,42.42852,-70.988527,42.433223,-71.088079,195,163,2,11.06,256,0
run_026,T2,S026,S027,42.335566,-70.992544,42.407399,-71.066755,143,183,2,11.46,181,0
run_026,T3,S027,S028,42.340163,-71.073289,42.360141,-70.981061,155,195,1,10.47,330,0
run_026,T1,S028,S029,42.47751,-71.193217,42.393647,-71.14823,161,169,1,10.56,438,0
run_026,T2,S029,S030,42.422548,-71.048689,42.410121,-71.005764,130,90,2,4.96,448,0
run_026,T3,S030,S031,42.373542,-71.044904,42.306407,-71.068664,199,161,3,7.9,306,0
run_026,T1,S031,S032,42.363672,-71.076819,42.424118,-71.005613,162,122,2,10.37,338,1
run_026,T2,S032,S033,42.354764,-71.195174,42.36934,-71.112755,74,123,3,9.29,265,1
run_026,T3,S033,S034,42.407142,-71.004483,42.414164,-71.08832,74,127,2,9.34,414,0
run_026,T1,S034,S035,42.303367,-71.042782,42.341317,-71.085364,113,51,2,6.33,391,0
run_026,T2,S035,S036,42.340595,-71.129449,42.325431,-71.007743,97,91,2,13.61,135,1
run_026,T3,S036,S037,42.40791,-71.158322,42.481457,-70.994984,121,56,1,19.88,250,0
run_026,T1,S037,S038,42.402339,-71.166361,42.355045,-71.090141,92,66,3,9.96,122,0
run_026,T2,S038,S039,42.324619,-71.095609,42.354467,-71.104832,142,125,3,3.47,160,0
run_026,T3,S039,S040,42.214651,-71.078741,42.308073,-71.141564,68,155,3,12.5,80,1
run_027,T1,S040,S041,42.390422,-71.024284,42.351403,-71.068483,119,112,1,6.54,223,0
run_027,T2,S041,S042,42.310519,-71.072195,42.379315,-71.079395,79,94,2,7.68,334,0
run_027,T3,S042,S043,42.312713,-71.029588,42.294143,-71.021199,71,160,2,2.26,479,0
run_027,T1,S043,S044,42.403122,-71.042975,42.338071,-71.042248,81,181,1,7.22,109,1
run_027,T2,S044,S045,42.304817,-71.076539,42.32099,-70.993471,117,93,1,9.39,349,0
run_027,T3,S045,S046,42.357251,-71.083291,42.308309,-71.059376,177,134,2,6.05,248,1
run_027,T1,S046,S047,42.341659,-70.985111,42.465717,-71.107671,66,145,1,19.36,203,0
run_027,T2,S047,S048,42.353946,-71.058159,42.2765,-71.086583,188,168,1,9.16,400,0
run_027,T3,S048,S049,42.312384,-71.09385,42.321367,-71.01849,73,53,2,8.42,167,0
run_027,T1,S049,S000,42.353097,-71.074282,42.394184,-71.062772,126,154,3,4.74,433,0
run_027,T2,S000,S001,42.374188,-71.109394,42.317657,-70.997519,138,115,1,13.91,71,0
run_027,T3,S001,S002,42.339105,-71.16129,42.306457,-70.964429,173,179,1,22.15,218,0
run_027,T1,S002,S003,42.338982,-70.997115,42.379272,-70.995917,133,174,3,4.47,418,0
run_027,T2,S003,S004,42.321346,-71.059975,42.369815,-71.099891,191,177,2,6.97,373,1
run_027,T3,S004,S005,42.306618,-71.073978,42.310116,-71.008168,176,129,2,7.32,415,1
run_027,T1,S005,S006,42.280393,-71.016291,42.378688,-71.004902,87,158,2,10.98,182,0
run_027,T2,S006,S007,42.31989,-71.078769,42.331781,-71.063555,189,193,2,2.14,396,1
run_027,T3,S007,S008,42.393271,-70.962939,42.316084,-71.0789,93,194,2,15.46,228,0
run_027,T1,S008,S009,42.35583,-71.219391,42.394132,-71.075733,136,153,2,16.5,315,1
run_027,T2,S009,S010,42.341122,-71.046164,42.295125,-71.097893,81,190,2,7.68,310,1
run_028,T3,S010,S011,42.426609,-71.04867,42.437936,-71.114354,118,138,1,7.4,131,0
run_028,T1,S011,S012,42.345856,-71.090954,42.358424,-71.046263,103,65,2,5.15,158,1
run_028,T2,S012,S013,42.355481,-71.011134,42.346945,-71.159814,178,130,1,16.53,253,0
run_028,T3,S013,S014,42.420298,-71.002907,42.320385,-71.079955,180,157,3,14.0,263,0
run_028,T1,S014,S015,42.281115,-71.036443,42.343804,-70.9935,68,151,1,8.43,232,0
run_028,T2,S015,S016,42.393976,-71.005165,42.32229,-71.007589,160,158,1,7.96,401,0
run_028,T3,S016,S017,42.323032,-71.096089,42.421951,-70.925783,164,75,3,21.86,466,1
run_028,T1,S017,S018,42.416093,-70.943998,42.369807,-71.105203,60,91,3,18.62,470,1
run_028,T2,S018,S019,42.36203,-71.022175,42.326304,-71.136264,165,162,1,13.27,279,0
run_028,T3,S019,S020,42.439492,-71.031296,42.42998,-71.127106,110,117,1,10.69,468,0
run_028,T1,S020,S021,42.410535,-71.022548,42.383101,-71.068511,95,102,1,5.94,147,0
run_028,T2,S021,S022,42.334252,-71.016446,42.364803,-71.04251,98,56,3,4.46,425,1
run_028,T3,S022,S023,42.311077,-71.132555,42.431707,-71.047521,77,160,1,16.38,372,0
run_028,T1,S023,S024,42.330309,-71.068282,42.363929,-71.166437,127,84,3,11.52,345,1
run_028,T2,S024,S025,42.311101,-71.060087,42.353183,-71.00698,151,155,1,7.52,106,1
run_028,T3,S025,S026,42.319457,-70.949083,42.311445,-71.172148,56,71,1,24.78,396,1
run_028,T1,S026,S027,42.482229,-71.087114,42.270163,-70.985481,101,50,2,26.1,295,0
run_028,T2,S027,S028,42.304113,-71.077935,42.31798,-71.026178,53,50,1,5.95,130,0
run_028,T3,S028,S029,42.409794,-71.04725,42.267698,-71.014015,85,172,1,16.2,358,1
run_028,T1,S029,S030,42.403082,-71.053047,42.28115,-71.100141,65,148,1,14.51,106,1
run_029,T2,S030,S031,42.343785,-71.013303,42.384425,-70.941919,88,181,2,9.12,89,0
run_029,T3,S031,S032,42.357707,-71.101564,42.414758,-71.038325,67,139,1,9.45,240,0
run_029,T1,S032,S033,42.389789,-71.11087,42.310844,-71.14094,93,135,2,9.38,78,0
run_029,T2,S033,S034,42.491677,-71.033413,42.369338,-71.036367,82,61,1,13.58,177,0
run_029,T3,S034,S035,42.282692,-71.002353,42.378026,-71.133649,166,64,1,18.01,317,0
run_029,T1,S035,S036,42.296766,-70.983535,42.366582,-71.089478,157,144,1,14.08,437,0
run_029,T2,S036,S037,42.2913,-71.07345,42.361306,-71.146746,71,176,3,11.25,193,0
run_029,T3,S037,S038,42.238291,-71.135512,42.354449,-71.053937,168,58,1,15.76,209,1
run_029,T1,S038,S039,42.367276,-71.090706,42.367049,-70.980569,123,88,2,12.23,437,0
run_029,T2,S039,S040,42.354425,-71.100248,42.340615,-71.080681,141,78,2,2.66,94,0
run_029,T3,S040,S041,42.353617,-71.08803,42.213528,-70.957351,185,57,2,21.27,181,0
run_029,T1,S041,S042,42.360941,-71.118583,42.444786,-70.965136,58,109,2,19.41,393,1
run_029,T2,S042,S043,42.368764,-71.126836,42.339409,-71.053404,159,162,1,8.78,365,0
run_029,T3,S043,S044,42.35543,-71.064044,42.362613,-71.11303,170,72,1,5.5,230,1
run_029,T1,S044,S045,42.415282,-71.013915,42.346873,-71.085068,108,112,2,10.96,151,0
run_029,T2,S045,S046,42.304324,-70.971492,42.227955,-71.076172,117,95,3,14.38,308,0
run_029,T3,S046,S047,42.43651,-71.026754,42.313772,-71.13988,62,74,2,18.53,207,0
run_029,T1,S047,S048,42.38481,-71.086766,42.385575,-70.963242,163,112,3,13.71,135,0
run_029,T2,S048,S049,42.350842,-71.077834,42.419032,-71.091366,84,102,2,7.72,85,0
run_029,T3,S049,S000,42.362261,-71.05744,42.334911,-71.128623,100,168,2,8.46,273,1
run_030,T1,S000,S001,42.385012,-71.08668,42.421041,-71.103839,141,82,1,4.43,462,0
run_030,T2,S001,S002,42.321991,-71.058075,42.375306,-71.020785,129,87,3,7.22,392,0
run_030,T3,S002,S003,42.416937,-70.961487,42.368287,-71.087507,95,121,1,14.99,295,0
run_030,T1,S003,S004,42.385428,-70.978471,42.307977,-71.069212,114,183,1,13.24,210,0
run_030,T2,S004,S005,42.413709,-71.105867,42.396776,-70.977076,126,195,2,14.42,402,0
run_030,T3,S005,S006,42.397166,-71.121075,42.329177,-71.110183,137,164,1,7.64,362,0
run_030,T1,S006,S007,42.357549,-71.068018,42.376543,-70.98745,183,140,2,9.19,196,0
run_030,T2,S007,S008,42.332745,-70.983851,42.363046,-71.13035,94,126,2,16.61,236,0
run_030,T3,S008,S009,42.340093,-71.090596,42.450476,-71.133712,74,107,2,13.15,356,1
run_030,T1,S009,S010,42.267996,-71.061614,42.392027,-71.053846,166,148,1,13.79,284,1
run_030,T2,S010,S011,42.371639,-71.097838,42.250504,-71.00027,84,50,1,17.27,212,0
run_030,T3,S011,S012,42.40681,-71.050759,42.422654,-71.040416,74,65,2,2.1,241,0
run_030,T1,S012,S013,42.367217,-71.018668,42.33139,-71.099501,153,195,3,9.81,93,1
run_030,T2,S013,S014,42.460591,-71.128457,42.325558,-71.052863,154,97,3,17.18,98,0
run_030,T3,S014,S015,42.405799,-71.022532,42.390487,-70.977045,137,174,1,5.33,388,0
run_030,T1,S015,S016,42.280553,-70.985995,42.33935,-71.020744,181,65,2,7.58,202,0
run_030,T2,S016,S017,42.475182,-71.133972,42.422962,-71.002678,62,53,1,15.68,168,0
run_030,T3,S017,S018,42.311331,-71.009643,42.376807,-71.071374,166,60,3,9.99,158,0
run_030,T1,S018,S019,42.34036,-71.128146,42.394951,-71.072176,122,101,1,8.68,258,0
run_030,T2,S019,S020,42.319663,-71.144634,42.387985,-71.050623,138,80,1,12.9,335,1
run_031,T3,S020,S021,42.31071,-71.074208,42.419738,-71.015268,152,155,2,13.76,434,1
run_031,T1,S021,S022,42.261089,-71.057653,42.454888,-71.107395,118,108,1,22.21,441,0
run_031,T2,S022,S023,42.389822,-71.091714,42.348202,-71.022791,84,63,3,8.94,417,0
run_031,T3,S023,S024,42.350492,-71.057163,42.367724,-71.054484,121,129,2,1.94,142,0
run_031,T1,S024,S025,42.341133,-71.024136,42.331751,-71.038839,195,183,2,1.94,344,0
run_031,T2,S025,S026,42.340284,-71.067593,42.303015,-71.024086,176,164,3,6.36,441,0
run_031,T3,S026,S027,42.409493,-71.090759,42.353555,-71.042967,152,108,3,8.17,387,1
run_031,T1,S027,S028,42.340373,-71.025394,42.391561,-71.030524,158,178,2,5.71,216,1
run_031,T2,S028,S029,42.402276,-71.002439,42.387668,-71.078371,153,56,2,8.58,342,0
run_031,T3,S029,S030,42.386957,-71.011082,42.29884,-70.975274,176,182,2,10.56,107,0
run_031,T1,S030,S031,42.386668,-71.018027,42.42091,-71.007132,144,66,2,3.99,439,1
run_031,T2,S031,S032,42.331413,-71.04337,42.406656,-71.071136,128,128,1,8.9,129,0
run_031,T3,S032,S033,42.405481,-71.078846,42.397955,-71.111904,96,154,2,3.76,413,1
run_031,T1,S033,S034,42.333772,-70.99239,42.381203,-71.058028,128,127,1,8.99,436,1
run_031,T2,S034,S035,42.341515,-71.078255,42.334459,-71.062047,87,63,3,1.96,451,1
run_031,T3,S035,S036,42.329635,-71.180606,42.413819,-71.067104,143,142,2,15.69,399,0
run_031,T1,S036,S037,42.429964,-71.079097,42.385511,-71.08424,171,177,1,4.97,172,0
run_031,T2,S037,S038,42.338994,-71.094139,42.420986,-71.020195,130,118,2,12.26,128,0
run_031,T3,S038,S039,42.348583,-71.02901,42.289545,-71.080432,58,156,3,8.69,159,0
run_031,T1,S039,S040,42.269299,-71.054615,42.38757,-71.024865,159,146,1,13.54,77,1
run_032,T2,S040,S041,42.313811,-71.021626,42.308219,-71.004647,174,131,3,1.98,342,1
run_032,T3,S041,S042,42.431443,-71.133707,42.330704,-71.043545,119,111,1,15.01,349,1
run_032,T1,S042,S043,42.354676,-71.08269,42.331303,-71.005338,88,128,2,8.97,205,0
run_032,T2,S043,S044,42.349379,-70.984789,42.359492,-71.045182,155,56,2,6.8,355,0
run_032,T3,S044,S045,42.405483,-71.095509,42.347989,-71.014197,163,156,1,11.05,344,0
run_032,T1,S045,S046,42.311232,-70.994825,42.393235,-71.087646,177,69,1,13.75,470,0
run_032,T2,S046,S047,42.3209,-71.097985,42.271447,-71.036423,148,111,1,8.77,345,1
run_032,T3,S047,S048,42.3793,-71.06248,42.390631,-71.020278,91,147,3,4.85,90,0
run_032,T1,S048,S049,42.423431,-71.108789,42.405448,-71.03703,71,105,2,8.21,434,1
run_032,T2,S049,S000,42.369053,-70.994836,42.389308,-71.080621,172,110,2,9.78,113,0
run_032,T3,S000,S001,42.360394,-71.076281,42.351783,-71.049395,120,157,1,3.13,394,1
run_032,T1,S001,S002,42.343071,-70.981003,42.442101,-71.022319,174,130,2,11.91,199,0
run_032,T2,S002,S003,42.392749,-71.01946,42.310307,-71.03899,107,195,1,9.4,449,0
run_032,T3,S003,S004,42.334825,-71.064731,42.353292,-71.039395,85,158,2,3.48,114,0
run_032,T1,S004,S005,42.387865,-71.066707,42.380173,-71.087468,146,129,1,2.46,146,0
run_032,T2,S005,S006,42.3384,-70.943312,42.438507,-71.066399,116,136,2,17.61,472,1
run_032,T3,S006,S007,42.419095,-71.035955,42.349874,-71.086415,63,55,2,9.51,162,0
run_032,T1,S007,S008,42.416969,-71.039099,42.385678,-70.966648,146,123,1,8.76,174,0
run_032,T2,S008,S009,42.320935,-71.11125,42.419166,-70.976305,90,81,2,18.53,74,1
run_032,T3,S009,S010,42.400076,-71.011134,42.353523,-71.129263,179,176,1,14.09,351,0
run_033,T1,S010,S011,42.230981,-71.034323,42.340859,-71.125669,123,74,2,15.86,160,0
run_033,T2,S011,S012,42.324908,-71.071864,42.370745,-71.130352,159,169,2,8.25,156,0
run_033,T3,S012,S013,42.359648,-71.07078,42.341407,-71.096423,130,66,3,3.49,176,0
run_033,T1,S013,S014,42.453779,-70.979047,42.311587,-71.019989,195,123,2,16.42,424,1
run_033,T2,S014,S015,42.378452,-71.029637,42.400329,-71.140573,66,122,2,12.55,73,1
run_033,T3,S015,S016,42.323031,-71.000405,42.407501,-71.04785,58,128,2,10.75,214,1
run_033,T1,S016,S017,42.283365,-71.069814,42.375085,-71.051223,141,131,3,10.39,240,0
run_033,T2,S017,S018,42.26946,-71.035847,42.270203,-71.093059,180,156,2,6.35,108,1
run_033,T3,S018,S019,42.340347,-71.009918,42.429673,-71.024473,193,103,1,10.05,377,1
run_033,T1,S019,S020,42.341523,-71.06208,42.352063,-71.090857,141,183,3,3.4,459,0
run_033,T2,S020,S021,42.465122,-71.07281,42.342954,-71.072366,127,75,1,13.56,180,0
run_033,T3,S021,S022,42.285049,-71.064592,42.355628,-71.032584,79,98,2,8.6,199,0
run_033,T1,S022,S023,42.362118,-71.032539,42.436658,-71.00981,75,198,1,8.65,471,0
run_033,T2,S023,S024,42.328583,-71.065015,42.358478,-71.065121,72,130,1,3.32,313,1
run_033,T3,S024,S025,42.38086,-71.091674,42.45539,-71.063627,149,127,1,8.84,331,0
run_033,T1,S025,S026,42.38011,-71.068776,42.327963,-70.877115,149,71,1,22.05,77,0
run_033,T2,S026,S027,42.4104,-71.08748,42.27772,-70.984723,120,97,2,18.63,78,0
run_033,T3,S027,S028,42.402671,-71.078469,42.364849,-71.067214,118,60,1,4.38,202,1
run_033,T1,S028,S029,42.299591,-71.072579,42.375724,-70.968095,64,180,1,14.35,152,1
run_033,T2,S029,S030,42.367765,-71.15172,42.394059,-71.034899,121,155,1,13.29,440,0
run_034,T3,S030,S031,42.389433,-71.064196,42.376662,-71.051508,157,168,1,2.0,297,1
run_034,T1,S031,S032,42.425715,-71.053417,42.366457,-71.068818,164,50,2,6.8,327,0
run_034,T2,S032,S033,42.411654,-71.009408,42.369228,-71.015541,68,179,3,4.76,71,0
run_034,T3,S033,S034,42.385312,-70.987635,42.388405,-71.112483,176,189,2,13.86,388,0
run_034,T1,S034,S035,42.280695,-71.093149,42.380758,-71.093104,161,57,3,11.11,351,0
run_034,T2,S035,S036,42.353656,-71.101299,42.321985,-70.963377,135,198,3,15.71,295,0
run_034,T3,S036,S037,42.387539,-71.069734,42.36023,-71.019006,178,87,2,6.39,305,1
run_034,T1,S037,S038,42.339407,-71.019432,42.366915,-71.085211,87,100,1,7.91,325,0
run_034,T2,S038,S039,42.300811,-70.997166,42.331599,-71.101618,88,82,2,12.09,77,0
run_034,T3,S039,S040,42.335586,-71.028334,42.361132,-71.130278,81,75,3,11.67,84,1
run_034,T1,S040,S041,42.418877,-71.070629,42.333957,-71.139038,133,84,3,12.1,429,1
run_034,T2,S041,S042,42.424511,-71.124518,42.420583,-71.137423,79,102,2,1.5,453,0
run_034,T3,S042,S043,42.369301,-71.00697,42.268667,-71.05295,138,117,1,12.28,101,0
run_034,T1,S043,S044,42.323567,-70.952576,42.441049,-71.065654,103,114,2,18.1,199,1
run_034,T2,S044,S045,42.403681,-71.06152,42.406343,-70.949789,62,132,1,12.41,344,0
run_034,T3,S045,S046,42.364159,-71.136009,42.37316,-71.080784,179,157,3,6.21,215,0
run_034,T1,S046,S047,42.416558,-71.054852,42.413336,-71.076096,65,122,3,2.38,91,0
run_034,T2,S047,S048,42.366754,-71.121387,42.390653,-71.10307,159,192,1,3.34,421,0
run_034,T3,S048,S049,42.462479,-71.074294,42.279399,-71.098956,192,134,3,20.51,257,0
run_034,T1,S049,S000,42.283121,-71.067245,42.337703,-71.054343,134,172,2,6.23,203,0
run_035,T2,S000,S001,42.379922,-71.038138,42.284386,-71.104969,146,58,3,12.94,71,1
run_035,T3,S001,S002,42.445223,-71.121416,42.314537,-71.045473,159,126,1,16.78,162,0
run_035,T1,S002,S003,42.368352,-71.03913,42.387933,-71.068708,117,82,2,3.94,130,0
run_035,T2,S003,S004,42.410884,-71.021487,42.392468,-71.01944,54,132,1,2.06,241,0
run_035,T3,S004,S005,42.31098,-71.114467,42.420608,-71.084657,58,110,1,12.61,368,1
run_035,T1,S005,S006,42.326188,-71.114718,42.330592,-70.989088,77,129,2,13.95,135,0
run_035,T2,S006,S007,42.322077,-71.108514,42.43291,-71.118173,66,161,3,12.35,310,0
run_035,T3,S007,S008,42.36598,-71.091771,42.444217,-71.009999,199,181,1,12.56,118,0
run_035,T1,S008,S009,42.366807,-71.191034,42.34591,-71.055075,160,97,2,15.27,110,0
run_035,T2,S009,S010,42.417962,-71.057646,42.251457,-71.085628,160,192,2,18.74,86,0
run_035,T3,S010,S011,42.284054,-71.191537,42.379419,-71.064741,162,135,1,17.61,173,0
run_035,T1,S011,S012,42.35698,-71.003611,42.364306,-71.097346,105,144,2,10.44,103,1
run_035,T2,S012,S013,42.386327,-71.083871,42.327509,-71.055792,65,198,1,7.23,204,0
run_035,T3,S013,S014,42.417309,-71.064899,42.312437,-71.090195,111,149,2,11.97,367,1
run_035,T1,S014,S015,42.417081,-71.082108,42.359102,-71.070231,90,171,3,6.57,453,0
run_035,T2,S015,S016,42.321423,-71.123877,42.369796,-70.966537,141,162,2,18.27,290,1
run_035,T3,S016,S017,42.423931,-71.027319,42.39377,-71.066632,112,196,1,5.5,365,0
run_035,T1,S017,S018,42.352004,-71.013175,42.274594,-70.928115,59,144,2,12.77,321,0
run_035,T2,S018,S019,42.363134,-71.055507,42.393942,-71.06096,129,105,2,3.47,297,1
run_035,T3,S019,S020,42.209618,-71.031441,42.372183,-71.11451,106,142,1,20.26,78,0
run_036,T1,S020,S021,42.365527,-71.091316,42.384703,-71.202731,104,158,2,12.55,413,0
run_036,T2,S021,S022,42.352016,-71.038497,42.402347,-71.052675,130,115,2,5.8,334,0
run_036,T3,S022,S023,42.343977,-71.058762,42.343038,-71.142128,149,68,3,9.25,76,1
run_036,T1,S023,S024,42.380929,-71.076351,42.356181,-71.067376,63,118,2,2.92,205,0
run_036,T2,S024,S025,42.37326,-71.092316,42.368869,-71.164994,76,158,1,8.08,135,0
run_036,T3,S025,S026,42.314979,-71.030395,42.319136,-71.021211,172,108,1,1.12,155,0
run_036,T1,S026,S027,42.368215,-70.950189,42.384649,-71.062876,76,67,2,12.64,226,0
run_036,T2,S027,S028,42.341998,-71.03379,42.398946,-71.064563,120,195,2,7.19,97,1
run_036,T3,S028,S029,42.386858,-71.138546,42.327557,-71.041155,84,131,1,12.66,448,1
run_036,T1,S029,S030,42.457933,-71.052812,42.335789,-71.013844,199,72,2,14.23,363,0
run_036,T2,S030,S031,42.353393,-71.086187,42.292071,-71.113987,189,155,1,7.47,192,0
run_036,T3,S031,S032,42.364256,-70.980252,42.366107,-70.984163,157,171,3,0.48,76,0
run_036,T1,S032,S033,42.398951,-71.115521,42.397996,-70.983535,168,94,3,14.65,373,1
run_036,T2,S033,S034,42.323987,-71.136355,42.407957,-71.031483,150,52,2,14.91,273,0
run_036,T3,S034,S035,42.322176,-71.042413,42.358535,-71.098391,194,56,3,7.41,328,1
run_036,T1,S035,S036,42.307246,-71.053687,42.310767,-71.099626,183,118,2,5.11,452,1
run_036,T2,S036,S037,42.330737,-71.122018,42.374682,-71.063361,52,117,1,8.14,416,0
run_036,T3,S037,S038,42.350154,-71.083229,42.362218,-71.147285,89,117,3,7.24,361,0
run_036,T1,S038,S039,42.339535,-71.009704,42.303625,-71.003605,148,130,1,4.04,317,0
run_036,T2,S039,S040,42.359006,-71.065363,42.421014,-71.113834,71,160,1,8.74,166,0
run_037,T3,S040,S041,42.330223,-71.014973,42.444972,-71.08009,133,152,1,14.65,98,0
run_037,T1,S041,S042,42.417016,-70.935057,42.246531,-71.106215,167,129,3,26.82,187,1
run_037,T2,S042,S043,42.349976,-71.148351,42.403036,-71.150194,120,166,2,5.89,243,1
run_037,T3,S043,S044,42.448634,-71.040624,42.338042,-71.062571,120,115,1,12.52,129,0
run_037,T1,S044,S045,42.360873,-71.127205,42.302313,-71.102256,189,88,2,7.07,204,0
run_037,T2,S045,S046,42.298311,-71.068237,42.406303,-71.134891,179,133,1,14.09,148,0
run_037,T3,S046,S047,42.333417,-71.063536,42.439732,-71.060136,82,71,3,11.81,173,0
run_037,T1,S047,S048,42.333718,-71.05838,42.326376,-71.048836,113,187,2,1.34,138,0
run_037,T2,S048,S049,42.380172,-71.098586,42.334981,-71.038075,103,151,2,8.38,222,0
run_037,T3,S049,S000,42.514632,-71.133222,42.299354,-71.016522,118,168,2,27.18,151,0
run_037,T1,S000,S001,42.367856,-71.051191,42.326658,-71.050104,107,177,1,4.57,66,0
run_037,T2,S001,S002,42.339688,-71.090842,42.388795,-71.067472,102,192,1,6.04,283,0
run_037,T3,S002,S003,42.328832,-71.043081,42.314865,-71.012654,174,88,1,3.72,319,0
run_037,T1,S003,S004,42.432932,-71.069082,42.442857,-71.004719,151,70,2,7.23,98,0
run_037,T2,S004,S005,42.426519,-70.993947,42.377615,-71.103589,152,178,1,13.33,340,0
run_037,T3,S005,S006,42.38624,-70.985229,42.35178,-71.065861,175,118,3,9.73,324,0
run_037,T1,S006,S007,42.307078,-71.184903,42.370023,-71.029555,125,134,2,18.61,108,1
run_037,T2,S007,S008,42.391988,-71.072503,42.388674,-71.023588,139,75,1,5.44,131,1
run_037,T3,S008,S009,42.424358,-71.120508,42.381457,-71.095835,62,169,3,5.49,267,1
run_037,T1,S009,S010,42.319867,-71.063861,42.409789,-71.033535,111,151,2,10.53,233,1
run_038,T2,S010,S011,42.350994,-71.033379,42.456467,-71.090262,70,164,1,13.3,400,0
run_038,T3,S011,S012,42.349375,-71.001053,42.389838,-71.161183,64,143,2,18.33,213,0
run_038,T1,S012,S013,42.401461,-71.013861,42.347952,-71.04566,86,135,2,6.91,386,1
run_038,T2,S013,S014,42.417484,-71.045171,42.423383,-71.045564,122,140,3,0.66,275,0
run_038,T3,S014,S015,42.356882,-71.035454,42.395313,-71.085003,121,182,2,6.96,101,0
run_038,T1,S015,S016,42.330999,-71.117821,42.402504,-71.039116,178,136,2,11.8,389,1
run_038,T2,S016,S017,42.252798,-71.051219,42.409089,-71.142296,107,119,2,20.08,112,0
run_038,T3,S017,S018,42.395359,-71.011041,42.391886,-71.037505,161,114,2,2.96,268,0
run_038,T1,S018,S019,42.336207,-71.063465,42.392799,-71.025487,94,126,1,7.57,83,1
run_038,T2,S019,S020,42.381035,-71.088896,42.404057,-71.059934,65,108,2,4.11,302,0
run_038,T3,S020,S021,42.330533,-71.082932,42.402835,-70.976131,128,164,1,14.32,127,0
run_038,T1,S021,S022,42.251516,-71.119709,42.312061,-71.127625,108,88,2,6.78,318,0
run_038,T2,S022,S023,42.387688,-71.077621,42.38444,-71.123286,181,69,1,5.08,176,0
run_038,T3,S023,S024,42.367544,-71.040985,42.313604,-71.089534,161,79,1,8.06,369,1
run_038,T1,S024,S025,42.401725,-71.151927,42.479925,-70.926295,118,177,1,26.51,366,0
run_038,T2,S025,S026,42.377417,-71.104892,42.335615,-71.006283,195,71,3,11.89,125,0
run_038,T3,S026,S027,42.419006,-71.002785,42.290607,-71.021807,103,139,1,14.41,144,0
run_038,T1,S027,S028,42.381144,-71.198711,42.348619,-71.114384,98,150,1,10.03,61,0
run_038,T2,S028,S029,42.414524,-71.000006,42.305455,-71.020285,51,90,1,12.31,270,1
run_038,T3,S029,S030,42.374225,-71.043982,42.329415,-71.206808,63,61,3,18.75,414,0
run_039,T1,S030,S031,42.315725,-71.051906,42.39443,-71.063965,118,94,1,8.84,421,0
run_039,T2,S031,S032,42.315681,-71.017426,42.353627,-71.071887,78,174,2,7.37,173,0
run_039,T3,S032,S033,42.312051,-71.016354,42.432493,-71.131306,124,63,1,18.48,446,0
run_039,T1,S033,S034,42.441447,-71.140395,42.347786,-71.038285,107,161,3,15.38,372,1
run_039,T2,S034,S035,42.325683,-71.10217,42.371112,-71.056112,86,57,1,7.18,359,1
run_039,T3,S035,S036,42.391062,-70.995569,42.363681,-71.066883,116,79,1,8.48,173,0
run_039,T1,S036,S037,42.400446,-71.089223,42.322532,-71.071077,179,111,1,8.88,62,0
run_039,T2,S037,S038,42.301152,-70.968973,42.33168,-71.018419,90,113,1,6.45,90,0
run_039,T3,S038,S039,42.396276,-71.053166,42.421397,-71.060583,107,155,1,2.91,359,0
run_039,T1,S039,S040,42.368355,-71.05808,42.424937,-71.095748,79,120,2,7.54,314,1
run_039,T2,S040,S041,42.387289,-71.168579,42.359594,-71.052096,175,102,3,13.29,257,0
run_039,T3,S041,S042,42.381089,-70.99449,42.349202,-71.013126,60,152,3,4.1,413,0
run_039,T1,S042,S043,42.305393,-71.072684,42.342742,-71.035537,163,174,2,5.85,439,0
run_039,T2,S043,S044,42.404752,-71.045709,42.406984,-70.997854,124,177,1,5.32,387,0
run_039,T3,S044,S045,42.376465,-71.052985,42.31135,-70.960666,132,177,2,12.54,229,1
run_039,T1,S045,S046,42.40164,-71.017663,42.302246,-71.080995,121,182,1,13.08,165,0
run_039,T2,S046,S047,42.414803,-71.038734,42.282753,-71.086965,62,156,1,15.6,338,0
run_039,T3,S047,S048,42.365756,-71.072794,42.363477,-70.964918,179,162,1,11.98,193,0
run_039,T1,S048,S049,42.348717,-70.990549,42.391866,-70.979185,121,123,2,4.95,332,1
run_039,T2,S049,S000,42.279164,-71.071469,42.347569,-71.028669,55,75,2,8.96,199,0
run_040,T3,S000,S001,42.395172,-70.952254,42.344235,-71.107051,138,190,1,18.09,272,0
run_040,T1,S001,S002,42.434098,-71.074161,42.331721,-71.083566,179,62,2,11.41,285,0
run_040,T2,S002,S003,42.327917,-70.976732,42.317192,-71.058222,169,119,2,9.12,306,0
run_040,T3,S003,S004,42.392615,-71.141567,42.384013,-71.112755,188,170,1,3.34,153,1
run_040,T1,S004,S005,42.383412,-71.061009,42.361085,-71.107319,86,73,2,5.71,158,1
run_040,T2,S005,S006,42.367595,-71.05949,42.382345,-71.040571,192,109,1,2.66,410,1
run_040,T3,S006,S007,42.296429,-71.122365,42.345295,-71.046458,127,74,1,10.02,363,0
run_040,T1,S007,S008,42.366316,-71.083457,42.310357,-71.13226,136,198,2,8.24,308,0
run_040,T2,S008,S009,42.363193,-71.116919,42.420497,-71.004886,180,125,3,13.97,290,0
run_040,T3,S009,S010,42.329582,-71.030373,42.380482,-71.042151,186,134,3,5.8,326,0
run_040,T1,S010,S011,42.373693,-71.124382,42.379068,-71.065044,143,164,1,6.61,279,0
run_040,T2,S011,S012,42.371633,-70.898693,42.403455,-71.112272,76,51,1,23.97,418,1
run_040,T3,S012,S013,42.275981,-71.007273,42.402805,-71.031247,197,74,1,14.33,445,0
run_040,T1,S013,S014,42.323833,-71.026861,42.409133,-71.087174,50,100,2,11.6,320,1
run_040,T2,S014,S015,42.374547,-71.012108,42.320456,-71.0583,71,152,2,7.9,264,0
run_040,T3,S015,S016,42.390811,-71.051326,42.393376,-71.101675,65,165,2,5.6,391,0
run_040,T1,S016,S017,42.353616,-71.055987,42.313576,-71.066122,177,126,2,4.58,247,0
run_040,T2,S017,S018,42.419213,-71.089499,42.393055,-71.123238,123,73,1,4.74,364,0
run_040,T3,S018,S019,42.29462,-71.151478,42.309563,-71.066415,78,63,2,9.59,138,0
run_040,T1,S019,S020,42.428034,-71.058672,42.361143,-71.023124,191,142,3,8.41,335,1
run_041,T2,S020,S021,42.426813,-71.041005,42.414161,-71.088197,82,67,1,5.42,132,0
run_041,T3,S021,S022,42.354934,-71.164627,42.284735,-71.039068,169,150,1,15.97,93,0
run_041,T1,S022,S023,42.323337,-71.075475,42.315775,-71.08603,176,162,1,1.44,139,0
run_041,T2,S023,S024,42.396732,-71.041544,42.336869,-71.071601,84,70,2,7.44,237,1
run_041,T3,S024,S025,42.29977,-71.106482,42.359466,-71.127837,76,197,2,7.04,212,0
run_041,T1,S025,S026,42.393113,-71.106515,42.357153,-71.076817,152,104,2,5.18,316,0
run_041,T2,S026,S027,42.306689,-70.94105,42.387715,-71.011879,95,171,2,11.95,90,1
run_041,T3,S027,S028,42.39138,-71.073975,42.352085,-71.069193,73,158,2,4.39,250,0
run_041,T1,S028,S029,42.356868,-71.047938,42.364225,-71.0201,195,86,1,3.2,341,0
run_041,T2,S029,S030,42.207611,-71.081192,42.288666,-71.053279,141,148,2,9.52,294,0
run_041,T3,S030,S031,42.362527,-70.98551,42.319476,-71.083233,150,78,2,11.85,173,1
run_041,T1,S031,S032,42.329784,-71.109409,42.435481,-70.994226,99,72,1,17.35,118,1
run_041,T2,S032,S033,42.352182,-70.989823,42.319382,-71.074348,188,67,2,10.06,109,0
run_041,T3,S033,S034,42.356201,-71.078625,42.311363,-71.03429,127,124,1,7.0,354,0
run_041,T1,S034,S035,42.392491,-71.099303,42.400825,-71.060629,99,190,1,4.39,128,0
run_041,T2,S035,S036,42.356206,-71.144233,42.369546,-71.061817,150,198,2,9.27,205,1
run_041,T3,S036,S037,42.367347,-71.086107,42.513843,-70.991994,116,189,1,19.33,159,1
run_041,T1,S037,S038,42.26775,-71.02072,42.363119,-70.970245,184,191,2,11.98,217,0
run_041,T2,S038,S039,42.389207,-71.029307,42.322772,-71.080719,131,137,3,9.32,288,1
run_041,T3,S039,S040,42.358929,-71.06142,42.312226,-71.041533,67,93,1,5.63,391,0
run_042,T1,S040,S041,42.321411,-70.979524,42.371375,-71.028202,165,142,2,7.74,101,0
run_042,T2,S041,S042,42.318896,-71.120964,42.331528,-71.066201,155,167,1,6.24,296,0
run_042,T3,S042,S043,42.306701,-71.019992,42.367577,-71.14707,112,75,3,15.64,352,0
run_042,T1,S043,S044,42.392226,-71.013588,42.335173,-71.117675,102,181,2,13.18,423,0
run_042,T2,S044,S045,42.426604,-71.153052,42.365633,-71.017171,160,197,1,16.53,142,0
run_042,T3,S045,S046,42.427556,-70.995363,42.443187,-71.044738,97,164,1,5.75,269,0
run_042,T1,S046,S047,42.338923,-71.082313,42.407797,-71.053067,128,129,2,8.31,86,0
run_042,T2,S047,S048,42.357447,-71.072344,42.467252,-71.015266,172,187,3,13.74,398,1
run_042,T3,S048,S049,42.350807,-71.050588,42.379458,-71.059965,156,172,2,3.35,281,0
run_042,T1,S049,S000,42.41989,-70.997764,42.421765,-71.068697,150,146,1,7.88,170,0
run_042,T2,S000,S001,42.36694,-71.001138,42.362062,-70.989488,50,82,2,1.4,99,0
run_042,T3,S001,S002,42.317373,-71.056356,42.413096,-71.102776,103,133,2,11.81,301,1
run_042,T1,S002,S003,42.34367,-71.018444,42.371093,-71.080586,95,71,1,7.54,198,0
run_042,T2,S003,S004,42.306841,-71.039268,42.368482,-70.917803,141,89,2,15.12,93,1
run_042,T3,S004,S005,42.428923,-71.054209,42.37948,-71.171021,101,167,2,14.08,280,0
run_042,T1,S005,S006,42.374339,-71.06736,42.388242,-70.97821,134,59,2,10.02,321,0
run_042,T2,S006,S007,42.36963,-70.940395,42.255032,-71.025839,95,185,1,15.87,69,0
run_042,T3,S007,S008,42.298547,-71.003845,42.399004,-71.040828,60,167,2,11.88,223,0
run_042,T1,S008,S009,42.278472,-71.057237,42.324655,-71.033925,105,167,1,5.74,447,0
run_042,T2,S009,S010,42.374451,-71.024902,42.375438,-71.09543,151,136,1,7.83,255,0
run_043,T3,S010,S011,42.369939,-71.051221,42.444113,-71.096503,107,142,3,9.65,251,1
run_043,T1,S011,S012,42.360439,-71.071884,42.36383,-71.085588,155,111,1,1.57,299,0
run_043,T2,S012,S013,42.38941,-71.063393,42.348176,-71.033719,168,85,1,5.64,404,0
run_043,T3,S013,S014,42.280302,-71.070516,42.236422,-71.14379,77,192,1,9.48,282,0
run_043,T1,S014,S015,42.324217,-71.059714,42.370253,-71.02306,72,161,3,6.53,329,0
run_043,T2,S015,S016,42.39655,-71.033078,42.395787,-70.940282,138,164,3,10.3,158,1
run_043,T3,S016,S017,42.375498,-71.033908,42.372776,-71.059783,86,168,1,2.89,145,1
run_043,T1,S017,S018,42.351481,-71.100641,42.401403,-71.006446,91,161,2,11.83,297,0
run_043,T2,S018,S019,42.256276,-71.061102,42.416093,-71.069334,162,113,2,17.76,182,0
run_043,T3,S019,S020,42.378809,-70.992913,42.365267,-71.044882,169,185,2,5.96,225,0
run_043,T1,S020,S021,42.276407,-71.095922,42.320662,-71.026544,125,194,1,9.13,138,1
run_043,T2,S021,S022,42.343238,-71.127053,42.397183,-71.070244,195,55,2,8.7,181,0
run_043,T3,S022,S023,42.406671,-71.148047,42.374674,-71.08532,193,185,2,7.82,404,0
run_043,T1,S023,S024,42.390476,-71.137769,42.370042,-71.05496,170,125,3,9.47,151,0
run_043,T2,S024,S025,42.437291,-71.005074,42.383892,-71.066379,95,71,3,9.02,251,0
run_043,T3,S025,S026,42.399106,-71.121744,42.339976,-71.076975,124,167,1,8.23,163,0
run_043,T1,S026,S027,42.274513,-71.08785,42.332695,-71.0537,171,162,1,7.49,377,0
run_043,T2,S027,S028,42.486619,-71.061045,42.366326,-71.072511,162,93,1,13.41,187,0
run_043,T3,S028,S029,42.375656,-71.053508,42.400318,-71.090026,195,94,3,4.89,167,1
run_043,T1,S029,S030,42.294406,-71.099419,42.346597,-71.13379,119,172,1,6.94,249,1
run_044,T2,S030,S031,42.422585,-71.023019,42.396386,-70.949235,89,68,1,8.69,382,0
run_044,T3,S031,S032,42.476956,-71.076704,42.392252,-71.060621,88,162,3,9.57,455,0
run_044,T1,S032,S033,42.36853,-71.07798,42.330612,-71.129108,70,86,1,7.07,175,1
run_044,T2,S033,S034,42.347119,-71.063482,42.394458,-71.094182,143,120,3,6.26,284,1
run_044,T3,S034,S035,42.364516,-71.073229,42.384302,-71.146921,190,72,2,8.47,142,0
run_044,T1,S035,S036,42.343147,-71.053104,42.386025,-71.038695,124,177,1,5.02,249,0
run_044,T2,S036,S037,42.383975,-71.023553,42.325382,-71.092952,65,126,1,10.08,352,0
run_044,T3,S037,S038,42.338755,-71.007099,42.369582,-71.000073,110,75,3,3.51,130,1
run_044,T1,S038,S039,42.323821,-71.060026,42.401807,-70.987314,119,162,3,11.84,372,0
run_044,T2,S039,S040,42.316536,-71.060543,42.366868,-70.914091,67,59,3,17.19,151,0
run_044,T3,S040,S041,42.319214,-71.004133,42.266139,-71.067442,80,194,3,9.17,425,1
run_044,T1,S041,S042,42.321694,-71.116403,42.375495,-71.123679,182,53,1,6.03,223,1
run_044,T2,S042,S043,42.35582,-71.056524,42.295825,-70.996976,63,105,3,9.38,287,1
run_044,T3,S043,S044,42.370476,-71.056981,42.393339,-71.069696,180,68,1,2.9,412,0
run_044,T1,S044,S045,42.215792,-71.05579,42.423073,-71.106165,182,126,2,23.68,470,0
run_044,T2,S045,S046,42.306176,-71.08397,42.405465,-70.983683,162,143,1,15.66,107,0
run_044,T3,S046,S047,42.375135,-71.049866,42.454997,-71.160535,136,133,3,15.15,262,1
run_044,T1,S047,S048,42.230547,-70.956889,42.397672,-71.088569,149,92,2,23.62,434,0
run_044,T2,S048,S049,42.37802,-71.034786,42.374548,-71.08535,137,174,2,5.63,138,1
run_044,T3,S049,S000,42.449239,-71.059327,42.348757,-71.10644,155,109,1,12.32,361,0
run_045,T1,S000,S001,42.382187,-71.083664,42.386574,-70.968259,88,188,1,12.82,351,0
run_045,T2,S001,S002,42.379928,-71.103472,42.47062,-71.040418,177,80,2,12.26,370,0
run_045,T3,S002,S003,42.331336,-71.135306,42.305162,-71.024344,92,116,2,12.65,115,0
run_045,T1,S003,S004,42.330009,-71.137939,42.400969,-71.038806,120,192,2,13.53,461,0
run_045,T2,S004,S005,42.258303,-71.129069,42.4543,-71.13834,92,120,2,21.78,153,0
run_045,T3,S005,S006,42.339376,-71.096935,42.27865,-70.95887,179,197,2,16.74,120,0
run_045,T1,S006,S007,42.373621,-71.039127,42.419554,-71.10093,131,178,1,8.55,345,0
run_045,T2,S007,S008,42.404023,-71.126427,42.373184,-70.998889,73,75,3,14.56,253,0
run_045,T3,S008,S009,42.465721,-71.041242,42.385734,-71.078842,92,78,2,9.81,224,1
run_045,T1,S009,S010,42.239714,-71.024112,42.412072,-71.118056,180,187,1,21.79,246,1
run_045,T2,S010,S011,42.341674,-70.994462,42.310468,-71.109607,75,164,1,13.24,444,1
run_045,T3,S011,S012,42.416042,-71.086214,42.389917,-71.146246,101,140,1,7.27,452,1
run_045,T1,S012,S013,42.414557,-71.074537,42.327556,-71.018409,149,173,2,11.49,227,0
run_045,T2,S013,S014,42.358807,-71.166512,42.287501,-71.075783,155,92,2,12.81,226,1
run_045,T3,S014,S015,42.318926,-71.068491,42.284977,-71.077335,65,178,1,3.89,430,0
run_045,T1,S015,S016,42.455365,-71.131805,42.346991,-71.092821,174,115,3,12.78,345,0
run_045,T2,S016,S017,42.351714,-71.060433,42.358502,-71.068788,181,86,1,1.19,191,0
run_045,T3,S017,S018,42.31686,-71.032037,42.352738,-71.01143,82,107,2,4.59,260,0
run_045,T1,S018,S019,42.41421,-71.049485,42.36992,-71.060459,134,186,2,5.06,247,0
run_045,T2,S019,S020,42.330965,-71.043073,42.488475,-71.033056,105,74,2,17.52,164,0
run_046,T3,S020,S021,42.323791,-71.062884,42.440887,-70.982003,86,80,1,15.8,228,0
run_046,T1,S021,S022,42.471202,-70.978117,42.480151,-71.038174,57,85,3,6.74,107,0
run_046,T2,S022,S023,42.429817,-71.057419,42.366307,-71.087454,100,153,1,7.8,289,1
run_046,T3,S023,S024,42.343526,-70.976257,42.34626,-71.170062,114,64,2,21.51,447,1
run_046,T1,S024,S025,42.325952,-71.136832,42.369703,-71.005379,110,59,2,15.38,241,0
run_046,T2,S025,S026,42.304721,-71.016653,42.341509,-71.076397,147,190,2,7.79,457,1
run_046,T3,S026,S027,42.348195,-71.076384,42.238792,-71.124735,80,130,1,13.28,69,0
run_046,T1,S027,S028,42.372608,-70.996949,42.367833,-71.080954,97,179,2,9.34,352,1
run_046,T2,S028,S029,42.362666,-71.093469,42.36735,-71.027189,83,92,2,7.38,133,0
run_046,T3,S029,S030,42.333782,-71.033059,42.392985,-71.113659,121,99,2,11.1,456,0
run_046,T1,S030,S031,42.281285,-71.11003,42.350918,-71.031085,196,172,2,11.68,198,1
run_046,T2,S031,S032,42.293465,-71.168898,42.325029,-71.051915,139,160,3,13.45,427,1
run_046,T3,S032,S033,42.437399,-71.106442,42.315814,-71.048475,124,153,3,14.95,134,1
run_046,T1,S033,S034,42.328547,-71.050163,42.363113,-71.100623,72,96,2,6.79,72,0
run_046,T2,S034,S035,42.302881,-71.114595,42.336589,-71.094489,80,134,3,4.36,475,1
run_046,T3,S035,S036,42.405441,-71.080399,42.293292,-71.074186,145,171,3,12.47,215,0
run_046,T1,S036,S037,42.363338,-71.099772,42.356919,-70.998547,124,78,1,11.26,333,1
run_046,T2,S037,S038,42.385096,-71.027155,42.309871,-71.062142,153,177,1,9.21,269,0
run_046,T3,S038,S039,42.287166,-71.08108,42.294291,-71.020333,135,194,2,6.79,201,0
run_046,T1,S039,S040,42.357148,-71.000801,42.377091,-71.063002,188,69,2,7.25,350,0
run_047,T2,S040,S041,42.298231,-70.983839,42.398992,-71.002288,151,96,1,11.37,153,0
run_047,T3,S041,S042,42.375998,-71.130347,42.337908,-71.054456,122,53,2,9.43,135,0
run_047,T1,S042,S043,42.409095,-71.10826,42.379192,-71.014925,88,107,1,10.88,334,1
run_047,T2,S043,S044,42.356074,-71.092279,42.364618,-71.090014,115,59,2,0.98,441,0
run_047,T3,S044,S045,42.407862,-71.089144,42.379467,-71.018688,133,192,3,8.43,411,0
run_047,T1,S045,S046,42.392464,-71.077804,42.382681,-71.097963,96,161,3,2.49,203,0
run_047,T2,S046,S047,42.351507,-70.978163,42.350835,-71.06099,61,133,1,9.19,75,0
run_047,T3,S047,S048,42.305168,-70.970303,42.31601,-71.132971,98,100,3,18.1,305,0
run_047,T1,S048,S049,42.386439,-71.065844,42.291306,-71.011636,72,143,2,12.15,284,0
run_047,T2,S049,S000,42.346432,-71.004501,42.453369,-71.009551,124,101,2,11.88,147,0
run_047,T3,S000,S001,42.396767,-71.056905,42.374778,-71.045549,136,182,3,2.75,114,0
run_047,T1,S001,S002,42.4096,-71.078324,42.331988,-71.004028,180,151,3,11.93,369,0
run_047,T2,S002,S003,42.366778,-71.023574,42.39188,-71.047062,98,160,3,3.82,380,1
run_047,T3,S003,S004,42.385229,-71.028673,42.298022,-71.135144,160,150,1,15.28,434,0
run_047,T1,S004,S005,42.322703,-71.093077,42.397671,-71.090727,179,72,1,8.33,338,0
run_047,T2,S005,S006,42.34819,-71.042875,42.316511,-71.00514,100,186,3,5.47,200,0
run_047,T3,S006,S007,42.351979,-70.934955,42.307218,-71.077684,177,154,1,16.6,69,0
run_047,T1,S007,S008,42.397909,-71.127,42.415343,-71.066972,195,143,2,6.94,288,0
run_047,T2,S008,S009,42.339259,-71.027825,42.36828,-70.929735,175,99,3,11.35,249,0
run_047,T3,S009,S010,42.371495,-71.085753,42.391975,-71.029138,74,121,1,6.68,384,0
run_048,T1,S010,S011,42.398538,-71.057557,42.26803,-71.216027,193,82,1,22.79,445,0
run_048,T2,S011,S012,42.379911,-71.072608,42.460904,-71.048473,63,160,3,9.38,242,0
run_048,T3,S012,S013,42.305198,-71.139427,42.367065,-71.064289,121,72,2,10.8,127,1
run_048,T1,S013,S014,42.351267,-71.058735,42.33092,-71.135585,62,173,1,8.82,462,1
run_048,T2,S014,S015,42.283987,-71.012596,42.371221,-71.03491,66,144,1,9.99,197,1
run_048,T3,S015,S016,42.418017,-71.044011,42.287822,-71.025656,80,184,2,14.59,117,0
run_048,T1,S016,S017,42.377667,-70.956631,42.347805,-71.068892,92,101,1,12.89,160,0
run_048,T2,S017,S018,42.36919,-71.080719,42.40285,-71.052439,110,93,1,4.88,467,0
run_048,T3,S018,S019,42.32074,-71.052109,42.295287,-71.064207,120,139,3,3.13,131,0
run_048,T1,S019,S020,42.313002,-71.036167,42.445795,-71.064876,106,158,1,15.08,324,0
run_048,T2,S020,S021,42.39357,-71.00106,42.487173,-71.110311,83,170,3,15.97,222,1
run_048,T3,S021,S022,42.402133,-71.046419,42.319078,-71.059453,81,132,2,9.33,284,0
run_048,T1,S022,S023,42.320133,-71.107364,42.37632,-70.997974,196,156,2,13.65,441,0
run_048,T2,S023,S024,42.263511,-71.07986,42.439953,-71.03184,75,141,2,20.3,184,0
run_048,T3,S024,S025,42.41361,-71.009389,42.275914,-71.074775,137,62,2,16.92,358,0
run_048,T1,S025,S026,42.34627,-71.016341,42.340454,-71.047893,75,169,2,3.56,141,0
run_048,T2,S026,S027,42.360368,-71.133927,42.335618,-71.131813,110,172,2,2.76,408,0
run_048,T3,S027,S028,42.216765,-71.154419,42.294732,-71.065764,138,75,1,13.1,259,0
run_048,T1,S028,S029,42.327944,-70.918783,42.294052,-71.058995,152,180,2,16.01,255,0
run_048,T2,S029,S030,42.377987,-71.084932,42.312441,-71.077091,187,151,1,7.33,393,0
run_049,T3,S030,S031,42.347761,-71.035417,42.217201,-71.081646,80,72,2,15.37,107,0
run_049,T1,S031,S032,42.346428,-71.05036,42.361329,-71.07335,128,159,1,3.04,72,0
run_049,T2,S032,S033,42.340005,-71.097258,42.354752,-71.02936,142,152,2,7.71,183,0
run_049,T3,S033,S034,42.390301,-71.076832,42.311066,-71.078105,167,63,2,8.8,276,0
run_049,T1,S034,S035,42.424011,-71.073216,42.269834,-71.046638,140,75,2,17.37,124,1
run_049,T2,S035,S036,42.378088,-71.04401,42.349116,-71.040786,188,123,3,3.24,246,0
run_049,T3,S036,S037,42.328628,-71.056347,42.278813,-71.078496,119,178,2,6.05,177,0
run_049,T1,S037,S038,42.274318,-71.105113,42.345687,-71.051662,140,163,2,9.9,187,0
run_049,T2,S038,S039,42.291596,-71.115324,42.365088,-71.04333,97,130,1,11.42,473,1
run_049,T3,S039,S040,42.435447,-71.079582,42.363735,-71.00825,90,106,2,11.23,107,0
run_049,T1,S040,S041,42.365772,-71.062787,42.384509,-71.022255,183,138,1,4.96,340,0
run_049,T2,S041,S042,42.41472,-70.9709,42.374614,-71.022242,51,122,2,7.23,204,0
run_049,T3,S042,S043,42.277181,-71.085616,42.408327,-71.093817,86,95,2,14.59,229,1
run_049,T1,S043,S044,42.264753,-71.047123,42.330674,-71.069294,174,167,3,7.72,139,1
run_049,T2,S044,S045,42.323507,-70.96128,42.282096,-70.918325,110,64,3,6.62,153,0
run_049,T3,S045,S046,42.389501,-71.021925,42.300899,-71.023779,61,95,1,9.84,474,1
run_049,T1,S046,S047,42.382603,-71.077799,42.36146,-71.025101,95,134,3,6.3,139,1
run_049,T2,S047,S048,42.382866,-70.955089,42.353096,-71.030443,103,168,1,8.99,442,0
run_049,T3,S048,S049,42.308489,-71.070414,42.374629,-71.106136,166,92,3,8.34,427,1
run_049,T1,S049,S000,42.351416,-71.037838,42.35976,-71.089688,129,170,1,5.83,287,1
